patient_id,first_name,last_name,dob,gender,ssn,phone,address,city,state,zip,insurance_provider,insurance_id,blood_type,chronic_conditions,registration_date
PT00001,Robert,Johnson,1961-04-20,M,949-90-6925,555-791-4150,4841 Main St,Springfield,IL,60326,Humana,INS344098,A-,COPD,2021-03-27
PT00002,Robert,Martin,1949-08-04,M,479-55-4432,555-886-5374,8851 Main St,Springfield,IL,62986,UnitedHealth,INS271339,AB-,COPD,2021-01-20
PT00003,Linda,Johnson,1984-12-19,F,324-97-6313,555-986-1916,6672 Main St,Springfield,IL,61096,BlueCross BlueShield,INS321231,O-,None,2026-03-13
PT00004,David,Jackson,1976-03-01,F,246-43-3287,555-452-9830,9660 Main St,Springfield,IL,61635,Aetna,INS329974,B+,Heart Disease,2017-01-14
PT00005,Richard,Gonzalez,1948-09-17,F,742-30-7916,555-810-2040,8769 Main St,Springfield,IL,61029,Medicare,INS112038,A-,None,2022-08-18
PT00006,Thomas,Brown,1975-09-15,F,103-43-9201,555-980-3927,8417 Main St,Springfield,IL,62494,UnitedHealth,INS260263,O-,Asthma,2015-01-05
PT00007,Charles,Williams,1945-01-13,M,471-49-4923,555-259-4946,8062 Main St,Springfield,IL,60283,Humana,INS658582,B+,Asthma,2025-08-29
PT00008,Michael,Martinez,1982-05-04,F,993-87-7932,555-416-9835,6218 Main St,Springfield,IL,61794,,INS573417,A-,None,2020-01-15
PT00009,Mary,Davis,1984-09-10,M,335-85-4608,555-207-2163,614 Main St,Springfield,IL,61353,BlueCross BlueShield,INS639131,B-,None,2025-11-20
PT00010,Susan,Miller,2014-02-28,M,684-83-8744,555-448-8749,1688 Main St,Springfield,IL,62699,Cigna,INS471507,AB+,COPD,2025-06-22
PT00011,Patricia,Davis,1993-08-16,M,761-22-1993,555-612-6559,3216 Main St,Springfield,IL,62196,Cigna,INS246991,AB+,Asthma,2021-03-31
PT00012,James,Williams,1941-10-06,M,553-80-2604,555-251-9856,2824 Main St,Springfield,IL,61664,,INS604740,B-,COPD,2016-04-25
PT00013,John,Miller,1970-01-10,F,371-68-5673,555-633-8973,3666 Main St,Springfield,IL,60239,Medicare,INS871476,A+,None,2016-04-13
PT00014,Jennifer,Williams,2011-07-02,M,643-30-1931,555-720-2312,3953 Main St,Springfield,IL,61653,BlueCross BlueShield,INS697347,B-,Diabetes,2016-11-02
PT00015,Linda,Rodriguez,1981-11-25,F,423-43-4346,555-885-6147,,Springfield,IL,62751,Medicaid,INS414569,AB-,None,2016-08-17
PT00016,David,Jones,1985-07-05,F,202-19-9808,555-418-9288,1227 Main St,Springfield,IL,61000,Aetna,INS398830,B+,Heart Disease,2021-10-14
PT00017,John,Rodriguez,1993-09-02,M,641-11-5905,555-879-2697,1853 Main St,Springfield,IL,62266,UnitedHealth,INS385577,O+,None,2022-09-09
PT00018,Susan,Rodriguez,1958-09-07,M,617-72-5114,555-252-2512,158 Main St,Springfield,IL,61366,Humana,INS237174,O+,Asthma,2024-11-28
PT00019,Barbara,Jackson,1935-11-13,M,214-19-3442,555-758-1590,7141 Main St,Springfield,IL,60522,BlueCross BlueShield,INS423232,O-,Diabetes,2023-01-10
PT00020,Linda,Garcia,1944-03-22,M,462-81-7658,555-835-3532,6855 Main St,Springfield,IL,60101,UnitedHealth,INS872343,O-,COPD,2020-07-25
PT00021,Joseph,Lopez,1944-09-12,F,491-14-8711,555-427-4269,3828 Main St,Springfield,IL,60913,BlueCross BlueShield,INS792094,B-,COPD,2022-05-13
PT00022,William,Smith,2004-05-18,M,385-54-9346,555-609-9785,4379 Main St,Springfield,IL,60731,Medicare,INS378361,A+,Hypertension,2024-09-29
PT00023,David,Johnson,1974-02-24,F,720-75-2894,555-594-4114,127 Main St,Springfield,IL,62129,Humana,INS664607,B-,None,2024-09-03
PT00024,Thomas,Martinez,1964-08-15,F,738-50-3041,555-937-5920,5444 Main St,Springfield,IL,61648,Medicaid,INS410016,B+,None,2024-06-06
PT00025,James,Martinez,2002-02-12,F,278-88-5930,555-615-9977,3543 Main St,Springfield,IL,61760,Humana,INS708158,O-,Heart Disease,2024-11-28
PT00026,Karen,Hernandez,1977-06-14,M,912-31-2389,555-490-9445,3948 Main St,Springfield,IL,62755,Aetna,INS335552,B-,Asthma,2015-07-20
PT00027,Richard,Thomas,1989-11-03,F,970-19-8461,555-624-4185,4097 Main St,Springfield,IL,60604,Medicaid,INS821024,A+,Hypertension,2024-07-14
PT00028,Patricia,Anderson,1997-06-07,M,630-69-1822,555-770-5082,7712 Main St,Springfield,IL,62734,Medicare,INS686075,O-,Heart Disease,2024-07-27
PT00029,David,Taylor,2015-06-29,F,262-70-8373,555-465-5050,4019 Main St,Springfield,IL,61124,Cigna,INS181247,O+,None,2021-02-03
PT00030,Michael,Williams,1942-03-25,F,241-29-4788,555-592-3503,6778 Main St,Springfield,IL,61355,Medicare,INS588557,AB+,Diabetes,2019-08-22
PT00031,Jessica,Smith,2004-01-23,F,698-99-1320,555-983-7232,4992 Main St,Springfield,IL,61597,Humana,INS976325,AB+,None,2025-12-13
PT00032,Joseph,Jones,1937-08-09,M,498-53-7624,555-941-3704,6555 Main St,Springfield,IL,62424,Medicare,INS795205,A+,Hypertension,2024-08-12
PT00033,William,Hernandez,1939-07-06,F,366-58-6363,555-416-8449,4658 Main St,Springfield,IL,61726,Aetna,INS975467,A-,Heart Disease,2015-06-08
PT00034,James,Davis,1966-05-25,M,329-93-2124,555-999-1659,433 Main St,Springfield,IL,62544,UnitedHealth,INS350132,B+,Heart Disease,2017-07-26
PT00035,Jennifer,Martinez,1997-10-02,M,362-57-3749,555-820-2876,9581 Main St,Springfield,IL,60105,Aetna,INS703766,AB+,COPD,2019-06-13
PT00036,Charles,Johnson,1991-04-10,F,348-23-5941,555-900-2983,8828 Main St,Springfield,IL,61754,Medicaid,INS488571,A-,None,2015-04-14
PT00037,Susan,Garcia,1944-06-20,F,543-56-8532,555-924-3506,8917 Main St,Springfield,IL,61980,Cigna,INS556732,O+,None,2020-07-04
PT00038,William,Smith,2014-02-04,F,561-41-8613,555-783-7209,5425 Main St,Springfield,IL,60744,Cigna,INS322423,O-,None,2022-08-20
PT00039,Robert,Davis,2013-12-16,F,382-81-1166,555-729-4130,8104 Main St,Springfield,IL,62274,Humana,INS351997,AB-,Heart Disease,2025-01-19
PT00040,Jessica,Moore,1954-11-18,F,514-98-4986,555-513-7046,7071 Main St,Springfield,IL,62254,Aetna,INS468900,AB-,None,2021-11-16
PT00041,Michael,Miller,1952-04-11,F,423-25-9779,555-980-4033,4630 Main St,Springfield,IL,62967,Medicare,INS897135,O+,Hypertension,2019-05-10
PT00042,Mary,Moore,1962-02-12,F,114-78-3073,555-480-1745,2168 Main St,Springfield,IL,62612,Humana,INS889359,AB-,Hypertension,2015-04-11
PT00043,Patricia,Williams,1974-07-08,F,448-33-1841,555-458-8827,8156 Main St,Springfield,IL,60303,Medicare,INS760021,A+,Asthma,2018-05-07
PT00044,Thomas,Gonzalez,1942-08-23,F,354-25-7818,555-820-4697,7353 Main St,Springfield,IL,61217,Humana,INS717113,AB+,None,2016-05-08
PT00045,Jennifer,Davis,2003-06-06,M,312-90-4457,555-470-2330,9143 Main St,Springfield,IL,60307,UnitedHealth,INS102805,AB+,Heart Disease,2025-07-16
PT00046,David,Jackson,1998-06-04,M,389-99-8438,555-272-4824,7065 Main St,Springfield,IL,60470,Medicare,INS335729,B+,None,2018-03-11
PT00047,Joseph,Martinez,1962-08-06,F,709-82-5728,555-649-3037,4560 Main St,Springfield,IL,62049,Medicare,INS617781,AB-,Hypertension,2015-11-23
PT00048,David,Jackson,1989-02-28,M,356-13-2496,555-434-1339,2970 Main St,Springfield,IL,61927,Medicare,INS783157,AB-,None,2019-01-26
PT00049,William,Hernandez,2008-01-19,M,603-21-8700,555-556-7690,2734 Main St,Springfield,IL,61350,Cigna,INS827369,AB-,None,2023-12-25
PT00050,Richard,Taylor,1975-10-21,M,190-50-5135,555-531-2899,8989 Main St,Springfield,IL,61892,Cigna,INS156837,B-,None,2026-03-07
PT00051,Jessica,Brown,1953-04-06,M,373-80-3146,555-494-8178,4020 Main St,Springfield,IL,62907,UnitedHealth,INS425845,A+,COPD,2017-02-02
PT00052,Thomas,Rodriguez,1945-03-06,F,572-25-3522,555-710-5781,8005 Main St,Springfield,IL,61934,UnitedHealth,INS578975,B+,COPD,2019-04-11
PT00053,William,Taylor,2013-11-20,F,239-18-5526,555-991-7798,142 Main St,Springfield,IL,61158,Medicaid,INS413058,AB-,Asthma,2025-01-06
PT00054,Michael,Davis,1984-07-07,F,881-79-7180,555-666-6272,3926 Main St,Springfield,IL,61682,BlueCross BlueShield,INS433632,AB-,COPD,2023-08-29
PT00055,Charles,Hernandez,1993-06-30,M,255-73-1606,555-329-9229,7313 Main St,Springfield,IL,60408,Medicare,INS579123,A+,Asthma,2024-03-12
PT00056,Robert,Hernandez,1941-09-17,F,580-43-6546,555-838-7512,5288 Main St,Springfield,IL,62567,Medicaid,INS896290,AB-,Diabetes,2016-07-14
PT00057,Joseph,Garcia,1960-10-12,F,332-21-8110,555-300-2646,574 Main St,Springfield,IL,60188,Aetna,INS934816,A+,None,2023-01-15
PT00058,Robert,Martin,1982-08-27,F,521-82-3950,555-374-3868,4045 Main St,Springfield,IL,62038,Medicare,INS250069,B-,Heart Disease,2020-09-11
PT00059,Jennifer,Williams,2015-08-24,F,923-69-5712,555-893-9955,5761 Main St,Springfield,IL,62406,Aetna,INS769975,AB+,None,2025-03-31
PT00060,Charles,Lopez,1969-07-06,F,973-71-2747,555-442-7248,4937 Main St,Springfield,IL,60089,Humana,INS790203,AB+,None,2015-03-08
PT00061,Karen,Lopez,2001-10-22,M,150-87-9138,555-493-4770,3215 Main St,Springfield,IL,62543,Aetna,INS810687,B+,Hypertension,2015-11-19
PT00062,Susan,Garcia,1986-12-30,M,473-26-2476,555-502-6352,2265 Main St,Springfield,IL,62209,Aetna,INS656639,O+,Asthma,2020-10-06
PT00063,John,Davis,2007-05-10,F,402-53-2886,555-679-2233,9231 Main St,Springfield,IL,61498,BlueCross BlueShield,INS929090,AB+,Diabetes,2020-12-06
PT00064,Barbara,Brown,1995-05-13,M,866-96-5295,555-798-7242,7824 Main St,Springfield,IL,60102,Medicare,INS688678,O-,None,2016-06-01
PT00065,Mary,Johnson,1997-11-23,F,409-93-7689,555-319-3290,8171 Main St,Springfield,IL,60475,BlueCross BlueShield,INS346205,B+,COPD,2025-03-05
PT00066,Jessica,Martin,1997-06-26,F,653-63-3531,555-624-2622,4683 Main St,Springfield,IL,60134,Medicaid,INS488528,B-,Heart Disease,2024-12-21
PT00067,Mary,Gonzalez,1943-11-30,F,802-57-9920,555-860-6876,3209 Main St,Springfield,IL,60500,Humana,INS964226,AB-,Hypertension,2019-10-04
PT00068,Robert,Moore,1936-11-30,M,151-52-4990,555-328-4362,9707 Main St,Springfield,IL,60884,Humana,INS344316,O-,Asthma,2015-01-24
PT00069,John,Smith,1946-08-30,F,653-42-3858,555-312-1422,3998 Main St,Springfield,IL,62411,Aetna,INS116547,B+,None,2016-03-05
PT00070,Thomas,Jackson,1945-03-13,M,863-18-8802,555-659-6931,7505 Main St,Springfield,IL,62063,UnitedHealth,INS744986,A+,None,2025-04-10
PT00071,Jessica,Anderson,1977-12-21,M,967-61-7984,555-902-2768,1423 Main St,Springfield,IL,61319,Medicare,INS255539,A-,Asthma,2021-03-02
PT00072,Thomas,Martin,1998-11-21,F,432-58-9692,555-501-8433,1724 Main St,Springfield,IL,62874,BlueCross BlueShield,INS994217,B-,COPD,2025-02-16
PT00073,William,Wilson,2009-03-25,F,564-61-7815,555-947-2557,4276 Main St,Springfield,IL,61533,UnitedHealth,INS820184,AB-,Hypertension,2017-01-17
PT00074,Charles,Moore,1943-08-31,F,862-57-3131,555-769-1982,2102 Main St,Springfield,IL,61682,Aetna,INS797660,AB+,Diabetes,2021-06-14
PT00075,Linda,Brown,1986-11-06,F,619-37-3535,555-872-8900,9213 Main St,Springfield,IL,61505,BlueCross BlueShield,INS899649,O+,None,2024-08-16
PT00076,James,Garcia,2008-06-04,F,736-88-1430,555-823-5381,5162 Main St,Springfield,IL,61391,Aetna,INS106402,B+,Asthma,2023-12-28
PT00077,Joseph,Hernandez,1937-10-01,M,193-77-4524,555-585-7878,6162 Main St,Springfield,IL,61276,Medicaid,INS440140,A-,Diabetes,2018-06-28
PT00078,Jessica,Martin,1995-06-19,F,183-44-8259,555-877-7947,6885 Main St,Springfield,IL,61118,UnitedHealth,INS891615,A-,None,2024-08-22
PT00079,Richard,Martin,1988-03-18,M,598-77-6053,555-246-4612,225 Main St,Springfield,IL,60837,,INS321494,B+,None,2021-06-29
PT00080,Linda,Taylor,2002-01-07,F,540-32-3116,555-589-9725,1280 Main St,Springfield,IL,61626,Humana,INS878086,A+,COPD,2015-06-03
PT00081,Elizabeth,Brown,1963-02-01,F,689-64-7626,555-926-7843,441 Main St,Springfield,IL,61330,UnitedHealth,INS940247,AB-,None,2016-12-22
PT00082,Elizabeth,Hernandez,1974-02-01,M,703-61-9584,555-280-7484,5556 Main St,Springfield,IL,60688,BlueCross BlueShield,INS635280,A-,None,2022-11-02
PT00083,David,Miller,1992-11-26,M,934-28-4871,555-305-3399,9969 Main St,Springfield,IL,60626,Humana,INS896028,A-,Asthma,2026-01-30
PT00084,John,Anderson,1986-12-27,M,559-97-6295,555-842-6179,7782 Main St,Springfield,IL,61811,Medicaid,INS417530,O+,Diabetes,2022-11-23
PT00085,Robert,Martin,1975-07-18,F,138-17-7041,555-493-2257,7681 Main St,Springfield,IL,62377,Medicare,INS930281,A+,Heart Disease,2019-03-23
PT00086,Thomas,Garcia,1948-07-14,M,163-67-2695,555-551-2381,4159 Main St,Springfield,IL,62898,Cigna,INS560767,B+,None,2023-05-13
PT00087,Robert,Hernandez,2004-06-24,M,446-96-1857,555-846-6482,9241 Main St,Springfield,IL,62778,Cigna,INS397949,O+,Asthma,2022-06-23
PT00088,Elizabeth,Moore,1966-05-20,F,417-93-7421,555-332-2388,,Springfield,IL,60523,Medicaid,INS836971,A-,COPD,2023-02-12
PT00089,John,Williams,1954-03-20,F,449-72-4145,555-431-3253,1757 Main St,Springfield,IL,62079,Humana,INS665990,A+,None,2017-12-09
PT00090,Mary,Wilson,1951-03-23,F,951-98-3712,555-938-8170,3991 Main St,Springfield,IL,61819,Medicare,INS398768,AB-,None,2020-05-13
PT00091,Joseph,Martinez,1977-01-28,F,955-34-7026,555-894-8218,8339 Main St,Springfield,IL,62160,Cigna,INS269930,B-,Asthma,2020-08-10
PT00092,Robert,Garcia,1968-04-20,F,667-23-9452,555-327-5670,7461 Main St,Springfield,IL,62102,UnitedHealth,INS971415,AB+,Hypertension,2019-12-24
PT00093,Linda,Gonzalez,1937-05-23,M,524-16-7495,555-714-7126,6242 Main St,Springfield,IL,60919,BlueCross BlueShield,INS434165,A-,None,2018-04-11
PT00094,Joseph,Martin,2009-06-10,M,583-99-3273,555-977-8685,1398 Main St,Springfield,IL,60077,Aetna,INS326130,B+,COPD,2017-06-29
PT00095,Robert,Brown,1945-12-06,F,148-40-7878,555-854-8489,9876 Main St,Springfield,IL,62195,BlueCross BlueShield,INS762652,B-,Asthma,2021-07-14
PT00096,Thomas,Lopez,1956-07-31,M,684-63-4068,555-880-2402,8718 Main St,Springfield,IL,62228,Medicare,INS924613,A+,COPD,2025-07-18
PT00097,Linda,Brown,1968-06-28,F,359-12-6850,555-269-6649,2285 Main St,Springfield,IL,60181,Aetna,INS672536,O-,Asthma,2025-06-03
PT00098,Mary,Martinez,1951-05-09,M,930-27-2033,555-933-8498,817 Main St,Springfield,IL,60817,BlueCross BlueShield,INS430926,O+,COPD,2025-08-14
PT00099,David,Brown,1952-02-23,F,392-55-1783,555-871-6438,7259 Main St,Springfield,IL,61638,Medicaid,INS561097,AB+,None,2019-03-11
PT00100,Robert,Wilson,2006-07-12,M,631-44-2353,555-944-7955,9037 Main St,Springfield,IL,61203,Aetna,INS207581,A-,None,2021-08-18
PT00101,Mary,Lopez,1973-03-24,F,270-98-8272,555-559-8325,4598 Main St,Springfield,IL,62619,Humana,INS160144,A-,COPD,2023-02-24
PT00102,Robert,Davis,1949-05-09,F,131-28-8179,555-235-3068,6033 Main St,Springfield,IL,61568,Medicare,INS133958,B+,Heart Disease,2023-04-27
PT00103,David,Davis,1986-06-28,M,240-77-7012,555-607-6150,524 Main St,Springfield,IL,60762,Cigna,INS642895,AB+,Hypertension,2020-11-14
PT00104,John,Williams,1954-04-02,F,726-46-9047,555-404-3009,2928 Main St,Springfield,IL,62921,Cigna,INS192055,O-,None,2016-06-15
PT00105,Linda,Brown,1961-11-28,M,971-30-3852,555-570-9335,2375 Main St,Springfield,IL,60969,Humana,INS618019,A+,None,2023-04-11
PT00106,Jessica,Taylor,1946-08-23,F,726-21-2077,555-516-7523,6808 Main St,Springfield,IL,62354,BlueCross BlueShield,INS231414,O-,Hypertension,2025-02-03
PT00107,Susan,Taylor,1946-07-07,M,999-80-3981,555-986-3114,2134 Main St,Springfield,IL,62122,UnitedHealth,INS418897,B+,Asthma,2022-03-28
PT00108,John,Martinez,1981-07-21,M,390-20-5105,555-401-5496,8334 Main St,Springfield,IL,62625,UnitedHealth,INS720556,B+,Asthma,2022-07-28
PT00109,Michael,Jackson,2009-01-13,F,984-13-2330,555-246-5336,596 Main St,Springfield,IL,62039,Medicaid,INS672079,O+,None,2025-10-31
PT00110,Jennifer,Anderson,1971-06-07,F,404-68-2195,555-905-1981,8033 Main St,Springfield,IL,61902,UnitedHealth,INS456717,B+,None,2022-02-28
PT00111,William,Davis,1970-10-09,F,233-57-9437,555-775-2739,2107 Main St,Springfield,IL,61095,Cigna,INS359961,B+,Hypertension,2016-02-19
PT00112,Michael,Garcia,1990-03-17,F,528-41-3616,555-535-6123,8533 Main St,Springfield,IL,61912,Cigna,INS423528,AB-,Diabetes,2017-01-07
PT00113,Elizabeth,Thomas,1956-08-06,F,320-84-6781,555-249-1828,4781 Main St,Springfield,IL,62198,BlueCross BlueShield,INS988324,A-,COPD,2018-01-02
PT00114,Charles,Moore,2003-07-13,M,512-56-1741,555-610-1838,6039 Main St,Springfield,IL,62266,Aetna,INS177103,AB+,Heart Disease,2021-04-10
PT00115,William,Moore,1989-10-26,F,221-26-2584,555-603-7114,,Springfield,IL,60815,Medicare,INS633853,AB+,Diabetes,2016-01-07
PT00116,John,Hernandez,2007-02-16,F,585-76-8487,555-352-9446,2762 Main St,Springfield,IL,61609,Medicare,INS875232,O+,None,2025-12-26
PT00117,Susan,Jackson,2008-03-08,F,117-57-6427,555-889-2795,536 Main St,Springfield,IL,62444,Cigna,INS378428,B-,Diabetes,2025-10-10
PT00118,Mary,Jackson,1990-08-07,M,893-58-3421,555-897-4968,3225 Main St,Springfield,IL,60077,Cigna,INS428930,AB+,Asthma,2024-04-05
PT00119,Thomas,Miller,2004-07-11,F,726-70-2020,555-922-3262,7937 Main St,Springfield,IL,62152,Cigna,INS428993,B+,Heart Disease,2022-09-05
PT00120,Michael,Davis,2012-11-03,F,838-97-5331,555-824-8932,9243 Main St,Springfield,IL,61222,UnitedHealth,INS412071,O+,None,2025-12-19
PT00121,Richard,Gonzalez,2006-05-11,F,838-45-5715,555-324-9899,2499 Main St,Springfield,IL,61189,BlueCross BlueShield,INS401602,A-,None,2024-12-02
PT00122,John,Brown,1954-03-13,M,306-78-5442,555-775-5450,4072 Main St,Springfield,IL,60207,Medicaid,INS656837,B-,None,2016-03-06
PT00123,Susan,Thomas,1977-05-19,F,202-97-3252,555-205-3587,3367 Main St,Springfield,IL,61176,Aetna,INS399279,A+,Hypertension,2020-03-17
PT00124,Jessica,Garcia,1938-05-07,F,279-63-3880,555-237-7504,713 Main St,Springfield,IL,60037,Aetna,INS695551,A-,None,2021-05-20
PT00125,Michael,Brown,1982-01-14,F,605-27-9261,555-679-5470,2762 Main St,Springfield,IL,62994,Cigna,INS779776,O+,Asthma,2015-04-26
PT00126,Susan,Taylor,1985-12-09,F,790-34-3875,555-825-7643,1521 Main St,Springfield,IL,61641,Medicaid,INS200018,B+,Asthma,2025-09-16
PT00127,William,Martinez,1958-05-25,M,492-40-8319,555-971-5374,4385 Main St,Springfield,IL,62677,Aetna,INS826420,B-,Diabetes,2017-08-26
PT00128,Barbara,Martin,1996-07-20,M,614-49-2923,555-854-5833,3690 Main St,Springfield,IL,60547,Cigna,INS260626,AB-,None,2024-04-29
PT00129,Karen,Williams,2002-12-11,F,650-95-4578,555-980-5054,8753 Main St,Springfield,IL,62882,Aetna,INS181896,A-,Diabetes,2019-07-15
PT00130,Charles,Thomas,1964-06-08,M,974-76-8239,555-319-4365,8461 Main St,Springfield,IL,61824,Humana,INS158338,AB-,Asthma,2024-04-26
PT00131,James,Miller,1976-06-25,M,788-49-1356,555-605-5169,842 Main St,Springfield,IL,61735,Aetna,INS834406,A-,Diabetes,2016-07-19
PT00132,Barbara,Gonzalez,1960-10-03,F,518-33-3218,555-984-7887,6284 Main St,Springfield,IL,61538,BlueCross BlueShield,INS815894,B+,None,2017-08-29
PT00133,Elizabeth,Anderson,1982-06-12,F,230-38-1056,555-974-1372,8815 Main St,Springfield,IL,61553,Humana,INS340820,B-,Heart Disease,2022-10-06
PT00134,Karen,Smith,2013-07-08,M,842-24-1527,555-876-7868,3476 Main St,Springfield,IL,60275,BlueCross BlueShield,INS722795,A+,Heart Disease,2016-02-03
PT00135,John,Taylor,1974-05-19,F,339-79-4559,555-972-1924,3936 Main St,Springfield,IL,62996,Medicare,INS434394,O-,None,2021-10-08
PT00136,Sarah,Jackson,1981-10-06,M,326-62-5923,555-481-1998,7099 Main St,Springfield,IL,62276,Cigna,INS149161,O-,COPD,2022-02-24
PT00137,Linda,Martinez,1961-11-26,M,485-33-9813,555-684-4948,7686 Main St,Springfield,IL,60236,Medicare,INS532723,AB+,Asthma,2023-09-17
PT00138,Michael,Johnson,1993-01-07,F,180-67-7079,555-294-9775,6279 Main St,Springfield,IL,62759,Medicare,INS732209,A+,Hypertension,2019-03-22
PT00139,Elizabeth,Smith,1995-03-29,M,672-37-8854,555-413-6455,3213 Main St,Springfield,IL,60480,Medicaid,INS890973,AB-,None,2019-08-03
PT00140,Barbara,Martinez,1963-11-08,F,894-46-7236,555-677-9743,5992 Main St,Springfield,IL,62100,Cigna,INS588640,A-,Heart Disease,2022-03-08
PT00141,James,Rodriguez,1972-02-19,F,146-82-4625,555-959-3390,4936 Main St,Springfield,IL,60624,UnitedHealth,INS445888,B-,COPD,2020-07-06
PT00142,Joseph,Garcia,1996-06-10,F,445-42-9005,555-940-9037,2873 Main St,Springfield,IL,60573,Medicaid,INS673095,AB-,Asthma,2016-04-26
PT00143,Susan,Jones,1941-09-01,M,937-95-1794,555-982-1104,1213 Main St,Springfield,IL,62896,UnitedHealth,INS109585,B-,Heart Disease,2023-05-16
PT00144,Sarah,Moore,1990-04-24,F,594-94-8993,555-216-1108,294 Main St,Springfield,IL,60068,Medicare,INS857273,O+,None,2015-05-21
PT00145,John,Davis,1973-08-18,M,925-32-2753,555-298-9591,8725 Main St,Springfield,IL,61033,Humana,INS471658,O+,COPD,2016-10-09
PT00146,Mary,Williams,1985-09-08,F,349-99-4700,555-507-2320,6313 Main St,Springfield,IL,61544,Medicare,INS599127,A+,Diabetes,2018-11-04
PT00147,Linda,Miller,1992-11-09,F,903-52-2562,555-740-1697,4541 Main St,Springfield,IL,60190,BlueCross BlueShield,INS817675,O+,Diabetes,2019-01-09
PT00148,Jennifer,Jackson,1953-08-02,M,701-28-7525,555-278-5903,9384 Main St,Springfield,IL,61593,Medicaid,INS666820,O-,COPD,2018-02-20
PT00149,Linda,Williams,1942-01-13,F,612-54-1879,555-300-8161,9858 Main St,Springfield,IL,61624,Humana,INS442230,A+,None,2025-02-07
PT00150,Linda,Williams,1968-09-05,M,542-33-7227,555-287-5839,4490 Main St,Springfield,IL,60631,Cigna,INS846247,B+,COPD,2022-02-07
PT00151,Robert,Garcia,1962-08-28,F,555-56-5419,555-304-3170,7453 Main St,Springfield,IL,62281,Medicare,INS637333,AB+,Hypertension,2015-08-04
PT00152,Susan,Gonzalez,1988-07-21,M,712-51-7311,555-212-5781,9267 Main St,Springfield,IL,60994,Medicare,INS646417,B+,COPD,2018-10-20
PT00153,Susan,Martinez,1979-03-29,F,249-18-3739,555-645-5521,1360 Main St,Springfield,IL,61479,Aetna,INS358568,AB-,None,2025-04-08
PT00154,William,Wilson,1970-07-02,M,440-89-7224,555-537-8212,5022 Main St,Springfield,IL,61313,Medicare,INS829066,B-,Heart Disease,2022-01-17
PT00155,William,Gonzalez,1963-08-19,F,398-98-9044,555-789-4971,6537 Main St,Springfield,IL,61495,BlueCross BlueShield,INS691240,B-,Asthma,2015-08-09
PT00156,Susan,Thomas,1998-07-20,M,314-66-5773,555-909-2133,5061 Main St,Springfield,IL,60991,Aetna,INS790658,B+,COPD,2023-06-16
PT00157,Sarah,Johnson,1977-12-29,F,696-61-9755,555-718-7853,8896 Main St,Springfield,IL,62432,Medicaid,INS189110,A-,None,2022-12-18
PT00158,Susan,Brown,1985-07-12,M,760-96-7547,555-970-6432,1715 Main St,Springfield,IL,61059,UnitedHealth,INS635482,B-,Heart Disease,2023-05-23
PT00159,Jessica,Brown,1987-10-21,F,807-74-3469,555-553-1402,6915 Main St,Springfield,IL,60351,BlueCross BlueShield,INS971699,B+,None,2021-12-30
PT00160,Joseph,Hernandez,1981-10-01,M,594-54-8801,555-299-8178,5019 Main St,Springfield,IL,60183,Humana,INS845305,A-,Diabetes,2022-09-11
PT00161,William,Moore,1949-09-29,F,858-41-9454,555-378-3623,7670 Main St,Springfield,IL,60949,Humana,INS524723,B+,Asthma,2024-09-10
PT00162,Michael,Miller,2014-03-24,F,302-67-8037,555-598-1072,1125 Main St,Springfield,IL,62364,BlueCross BlueShield,INS938338,B+,None,2022-04-24
PT00163,Karen,Gonzalez,1995-03-04,F,983-72-9646,555-854-6134,9717 Main St,Springfield,IL,60467,Aetna,INS469082,AB-,Asthma,2021-09-02
PT00164,Patricia,Garcia,1995-04-19,F,237-50-2931,555-444-6003,2416 Main St,Springfield,IL,62092,Cigna,INS538555,B+,COPD,2024-06-27
PT00165,John,Garcia,1997-03-18,F,760-32-3733,555-701-5732,7489 Main St,Springfield,IL,62537,BlueCross BlueShield,INS476479,A+,Heart Disease,2018-01-23
PT00166,Susan,Anderson,1985-05-19,F,617-93-9109,555-618-9056,2840 Main St,Springfield,IL,60338,Medicare,INS132359,B-,None,2015-09-25
PT00167,Patricia,Jackson,1950-02-02,M,899-68-9115,555-762-9369,4489 Main St,Springfield,IL,62224,Humana,INS484682,A+,Heart Disease,2019-11-26
PT00168,David,Lopez,2009-06-20,M,769-41-5877,555-233-8368,7293 Main St,Springfield,IL,60480,Humana,INS951327,B-,None,2022-11-12
PT00169,Mary,Jackson,1973-05-31,F,269-88-3281,555-411-4390,8820 Main St,Springfield,IL,61151,Medicare,INS664939,B+,None,2021-07-25
PT00170,Mary,Rodriguez,2011-12-23,M,626-96-2560,555-338-7743,2274 Main St,Springfield,IL,61022,UnitedHealth,INS845951,O-,None,2023-10-23
PT00171,Robert,Gonzalez,1959-02-09,F,742-63-7146,555-662-2237,6146 Main St,Springfield,IL,61862,Cigna,INS443187,A+,Hypertension,2025-04-13
PT00172,Michael,Thomas,2011-04-08,F,164-78-7516,555-423-8039,5389 Main St,Springfield,IL,61161,Aetna,INS673896,B+,Heart Disease,2022-09-16
PT00173,Jennifer,Anderson,1939-02-14,F,201-90-8529,555-216-3035,111 Main St,Springfield,IL,61752,UnitedHealth,INS822040,B+,None,2018-07-26
PT00174,Jennifer,Johnson,1943-05-17,F,770-56-5102,555-284-7092,5105 Main St,Springfield,IL,62973,,INS891918,B-,COPD,2017-01-17
PT00175,James,Smith,1977-10-11,F,179-26-4705,555-731-8291,2075 Main St,Springfield,IL,61729,Medicaid,INS238595,AB-,Hypertension,2020-02-19
PT00176,Richard,Jones,1944-03-10,M,205-50-7022,555-506-3246,1220 Main St,Springfield,IL,62172,Medicare,INS108886,B+,Heart Disease,2022-11-16
PT00177,Patricia,Jones,1948-07-31,M,521-88-8248,555-422-2420,9759 Main St,Springfield,IL,62990,Cigna,INS468611,AB+,None,2018-02-19
PT00178,Elizabeth,Miller,1957-04-06,M,666-86-5668,555-997-1439,6518 Main St,Springfield,IL,61210,Medicaid,INS157219,B-,Heart Disease,2023-08-28
PT00179,John,Gonzalez,1988-04-13,F,172-77-1197,555-569-6185,6086 Main St,Springfield,IL,62237,,INS281162,AB-,Hypertension,2015-05-17
PT00180,Thomas,Wilson,1954-05-10,F,140-17-7520,555-718-5693,6690 Main St,Springfield,IL,60337,Medicaid,INS662628,B+,None,2016-11-15
PT00181,Charles,Williams,1953-03-25,F,927-29-9788,555-534-7401,7267 Main St,Springfield,IL,62989,Humana,INS350229,A+,None,2016-12-07
PT00182,Patricia,Smith,1989-12-06,M,723-17-6067,555-882-3877,285 Main St,Springfield,IL,60671,Cigna,INS463546,O+,Asthma,2023-05-05
PT00183,David,Taylor,1959-02-10,M,850-25-1480,555-543-8034,4408 Main St,Springfield,IL,62917,Medicare,INS758015,A-,Heart Disease,2025-03-17
PT00184,Patricia,Jackson,2012-02-05,M,680-31-7024,555-361-5179,3842 Main St,Springfield,IL,62084,BlueCross BlueShield,INS146177,A+,None,2016-01-12
PT00185,Linda,Wilson,1948-06-18,F,283-14-7870,555-429-6272,4544 Main St,Springfield,IL,60319,Medicare,INS490917,A-,Diabetes,2019-01-09
PT00186,William,Williams,1939-02-13,F,510-18-8620,555-489-6090,230 Main St,Springfield,IL,61511,UnitedHealth,INS405759,O+,None,2025-05-28
PT00187,John,Smith,2004-04-24,F,894-35-9954,555-978-5016,491 Main St,Springfield,IL,60954,Medicare,INS463251,A+,None,2015-01-12
PT00188,Linda,Wilson,2001-03-20,F,844-49-2703,555-410-9680,1081 Main St,Springfield,IL,60583,Medicaid,INS393418,A-,Diabetes,2020-03-11
PT00189,Thomas,Jones,1997-11-16,F,481-68-2391,555-794-2565,1326 Main St,Springfield,IL,62424,Medicare,INS165308,AB+,Asthma,2020-04-23
PT00190,David,Davis,2006-11-05,M,502-99-6345,555-525-8417,3421 Main St,Springfield,IL,60557,Humana,INS907557,A-,Asthma,2017-05-15
PT00191,Joseph,Martinez,1971-06-21,F,223-78-6870,555-988-4401,4441 Main St,Springfield,IL,60491,BlueCross BlueShield,INS265271,O+,Diabetes,2019-10-28
PT00192,Mary,Martinez,1943-03-08,F,828-41-6828,555-605-9412,2948 Main St,Springfield,IL,60127,Cigna,INS996114,AB-,None,2017-02-14
PT00193,John,Miller,1947-07-17,F,224-11-2010,555-999-4641,,Springfield,IL,62811,Medicaid,INS776001,A-,None,2016-09-06
PT00194,Patricia,Johnson,2015-12-19,F,761-66-3110,555-294-6432,929 Main St,Springfield,IL,60688,Medicare,INS554197,AB+,Heart Disease,2015-08-30
PT00195,John,Johnson,1966-10-03,M,319-33-5505,555-486-8307,4935 Main St,Springfield,IL,62043,Cigna,INS677438,AB-,Diabetes,2016-12-19
PT00196,James,Gonzalez,1952-11-22,F,758-77-5082,555-845-9907,7959 Main St,Springfield,IL,62230,,INS608223,O-,None,2023-09-17
PT00197,Thomas,Lopez,1988-07-27,M,324-13-5602,555-259-8728,2715 Main St,Springfield,IL,60410,UnitedHealth,INS788772,B-,None,2016-04-03
PT00198,Linda,Jackson,1986-08-25,F,966-59-6813,555-377-3885,5978 Main St,Springfield,IL,62423,BlueCross BlueShield,INS837623,O-,Asthma,2019-03-23
PT00199,Robert,Johnson,1979-02-28,M,655-49-3876,555-702-1621,9957 Main St,Springfield,IL,60896,BlueCross BlueShield,INS652021,AB-,Diabetes,2022-06-10
PT00200,John,Jackson,1946-09-15,M,448-32-6301,555-260-1359,1917 Main St,Springfield,IL,62155,Humana,INS482614,A-,None,2023-11-15
PT00201,William,Garcia,1963-12-11,F,239-30-8157,555-854-8982,3757 Main St,Springfield,IL,62726,Medicare,INS954017,B+,COPD,2021-11-18
PT00202,Jennifer,Martin,1950-12-11,F,846-10-7415,555-989-1530,3719 Main St,Springfield,IL,62619,Medicare,INS209167,AB-,Asthma,2022-06-05
PT00203,Joseph,Smith,1963-08-31,F,271-91-2453,555-925-6500,3535 Main St,Springfield,IL,61022,Medicaid,INS171087,O-,None,2017-06-04
PT00204,Richard,Lopez,1974-04-25,F,850-63-3725,555-623-9078,1761 Main St,Springfield,IL,61963,Humana,INS706135,B-,Asthma,2025-02-13
PT00205,William,Garcia,1961-06-16,F,120-50-5278,555-307-2215,2736 Main St,Springfield,IL,62998,BlueCross BlueShield,INS673619,A-,None,2025-10-29
PT00206,Patricia,Hernandez,1993-08-22,M,268-87-8113,555-360-1877,3212 Main St,Springfield,IL,61676,Medicaid,INS681028,O+,None,2021-09-02
PT00207,James,Wilson,1986-04-18,M,662-72-3516,555-255-6911,,Springfield,IL,62711,Medicaid,INS729371,AB-,None,2017-03-05
PT00208,Jessica,Thomas,1961-03-07,F,183-70-2892,555-515-7512,1593 Main St,Springfield,IL,62629,Medicare,INS506351,B+,None,2023-07-22
PT00209,Charles,Johnson,1958-08-15,M,550-69-5315,555-431-5400,1684 Main St,Springfield,IL,60351,Medicaid,INS460491,AB+,None,2016-05-14
PT00210,Jessica,Martinez,1972-07-22,M,648-97-8779,555-786-4860,6568 Main St,Springfield,IL,62925,BlueCross BlueShield,INS626491,B+,Hypertension,2025-01-26
PT00211,Robert,Wilson,1954-01-04,M,927-34-3067,555-243-7936,2522 Main St,Springfield,IL,62437,Aetna,INS435281,A-,Hypertension,2023-09-15
PT00212,Susan,Brown,2011-11-07,F,382-76-8506,555-212-9561,2551 Main St,Springfield,IL,60607,Medicare,INS716493,A-,Hypertension,2017-04-07
PT00213,Charles,Martin,2013-12-17,F,452-62-5327,555-592-8955,713 Main St,Springfield,IL,60705,Aetna,INS522548,B+,COPD,2015-11-14
PT00214,James,Hernandez,1996-12-12,F,343-16-8785,555-475-7102,5194 Main St,Springfield,IL,61148,Humana,INS615500,A-,None,2018-01-05
PT00215,Karen,Williams,2004-06-10,M,945-51-5414,555-946-7828,7337 Main St,Springfield,IL,60865,Humana,INS526949,AB-,None,2016-04-05
PT00216,Charles,Smith,1962-11-29,M,826-74-7609,555-338-9589,3258 Main St,Springfield,IL,60822,Humana,INS160426,B-,Diabetes,2025-03-28
PT00217,Patricia,Smith,1952-11-11,M,380-57-8605,555-717-7503,6202 Main St,Springfield,IL,62002,Medicare,INS567773,B+,Heart Disease,2022-11-05
PT00218,Richard,Johnson,1958-03-16,M,866-98-2480,555-491-1449,9475 Main St,Springfield,IL,60877,Humana,INS332103,B-,None,2021-01-13
PT00219,Jennifer,Martin,2012-07-27,M,899-97-1145,555-685-3167,3766 Main St,Springfield,IL,61033,Medicare,INS944193,O+,None,2024-07-03
PT00220,Karen,Gonzalez,1976-03-06,M,358-37-8646,555-509-9530,220 Main St,Springfield,IL,62095,Medicaid,INS984247,O-,None,2021-09-11
PT00221,Elizabeth,Miller,1965-03-03,M,383-91-6327,555-483-5278,8575 Main St,Springfield,IL,60984,BlueCross BlueShield,INS944554,AB+,None,2018-02-20
PT00222,Charles,Jackson,1961-07-09,M,365-63-7628,555-597-1578,5722 Main St,Springfield,IL,62975,Medicaid,INS333164,AB-,None,2021-09-25
PT00223,John,Rodriguez,2013-08-19,M,671-33-5813,555-299-8713,5599 Main St,Springfield,IL,62680,BlueCross BlueShield,INS333049,O-,None,2021-11-20
PT00224,Jessica,Johnson,1968-05-06,M,366-84-5817,555-674-2929,7836 Main St,Springfield,IL,60796,Medicare,INS225636,AB+,None,2024-04-07
PT00225,John,Hernandez,1947-04-29,M,305-53-7704,555-783-8496,,Springfield,IL,61997,Aetna,INS761685,B+,None,2016-04-20
PT00226,John,Martin,2003-04-16,F,892-31-3595,555-701-2442,7135 Main St,Springfield,IL,61652,Cigna,INS600590,AB+,Diabetes,2015-11-06
PT00227,Linda,Davis,1936-04-06,F,429-77-4122,555-218-1067,5213 Main St,Springfield,IL,60528,BlueCross BlueShield,INS502181,O+,Asthma,2016-06-18
PT00228,John,Hernandez,1961-02-02,F,566-76-9587,555-545-8105,5985 Main St,Springfield,IL,60771,UnitedHealth,INS951452,AB+,Diabetes,2020-02-15
PT00229,Barbara,Johnson,1953-12-12,F,851-12-9267,555-373-3017,4290 Main St,Springfield,IL,62190,Medicare,INS150947,A+,Hypertension,2015-06-11
PT00230,John,Miller,1974-11-11,M,489-25-9966,555-458-8772,5033 Main St,Springfield,IL,61723,Medicaid,INS205885,O+,Asthma,2024-05-24
PT00231,Jessica,Miller,1999-06-26,M,732-25-5631,555-316-2741,,Springfield,IL,62142,UnitedHealth,INS475308,AB+,None,2018-08-06
PT00232,James,Williams,1953-08-19,M,804-71-6416,555-440-1044,9506 Main St,Springfield,IL,62740,Cigna,INS256389,A-,Hypertension,2017-04-09
PT00233,Jennifer,Johnson,1975-12-23,F,403-43-8606,555-251-2635,,Springfield,IL,62772,Aetna,INS546688,A-,Hypertension,2016-01-11
PT00234,Robert,Lopez,1993-01-23,F,274-52-6857,555-648-5395,3096 Main St,Springfield,IL,60466,Cigna,INS519692,AB-,None,2023-08-26
PT00235,Jennifer,Brown,1972-11-01,F,764-31-2852,555-335-1960,9778 Main St,Springfield,IL,61977,Humana,INS696580,AB-,Asthma,2023-07-08
PT00236,Susan,Anderson,2012-05-20,M,800-26-8914,555-699-2850,1137 Main St,Springfield,IL,61071,Medicaid,INS429502,A+,None,2022-08-03
PT00237,Richard,Jones,1990-06-19,M,197-65-5072,555-693-6664,290 Main St,Springfield,IL,62635,UnitedHealth,INS630126,AB-,Heart Disease,2018-09-16
PT00238,Sarah,Gonzalez,1956-08-11,F,438-45-1824,555-719-4648,3950 Main St,Springfield,IL,60322,Cigna,INS565765,AB-,Hypertension,2026-03-07
PT00239,Susan,Johnson,1979-08-15,M,863-93-1291,555-305-7609,1589 Main St,Springfield,IL,62474,Medicare,INS768507,O+,None,2025-03-26
PT00240,Barbara,Anderson,1939-11-14,M,936-38-8445,555-539-8751,1696 Main St,Springfield,IL,62698,UnitedHealth,INS102303,O-,None,2021-07-19
PT00241,Patricia,Rodriguez,1944-07-15,M,146-31-9067,555-343-7704,3172 Main St,Springfield,IL,60494,Humana,INS511981,B-,Heart Disease,2019-04-11
PT00242,Joseph,Jackson,1972-03-08,M,147-91-3018,555-990-8381,8272 Main St,Springfield,IL,60017,Medicare,INS871976,A+,COPD,2025-10-31
PT00243,Patricia,Gonzalez,1950-11-24,F,808-84-3845,555-948-3103,8359 Main St,Springfield,IL,61575,Cigna,INS738576,B-,None,2023-12-04
PT00244,Elizabeth,Moore,1975-08-17,F,924-27-3263,555-622-9393,9169 Main St,Springfield,IL,62591,UnitedHealth,INS310647,B-,None,2022-09-29
PT00245,Patricia,Lopez,1998-09-25,F,765-32-9255,555-755-6281,9648 Main St,Springfield,IL,62337,Medicaid,INS844618,AB+,None,2024-06-22
PT00246,Michael,Rodriguez,1937-04-08,M,490-28-1869,555-886-1927,4795 Main St,Springfield,IL,62799,Aetna,INS253541,A+,None,2019-07-30
PT00247,Linda,Taylor,2008-01-12,F,563-23-4675,555-960-7371,869 Main St,Springfield,IL,61562,Cigna,INS536801,O-,Diabetes,2015-04-17
PT00248,Charles,Moore,2012-12-12,M,899-66-4695,555-848-7025,3270 Main St,Springfield,IL,61204,Cigna,INS286044,A-,Asthma,2018-11-24
PT00249,Charles,Rodriguez,1938-08-24,M,538-45-5329,555-333-3636,5515 Main St,Springfield,IL,61910,Medicaid,INS262325,A+,Asthma,2022-03-27
PT00250,Robert,Hernandez,1991-02-08,M,730-94-5934,555-702-6866,3112 Main St,Springfield,IL,62132,BlueCross BlueShield,INS924451,B+,COPD,2024-01-18
PT00251,Michael,Martin,1954-02-21,F,779-52-6424,555-569-5809,9296 Main St,Springfield,IL,62659,BlueCross BlueShield,INS220294,O-,Heart Disease,2020-05-22
PT00252,Richard,Rodriguez,1990-09-22,F,349-15-6258,555-590-2857,504 Main St,Springfield,IL,62117,Humana,INS907921,O-,Heart Disease,2025-12-01
PT00253,Sarah,Moore,1952-04-09,M,428-75-2349,555-298-3742,1172 Main St,Springfield,IL,60863,Medicaid,INS760093,B-,COPD,2017-05-01
PT00254,James,Anderson,2013-10-29,F,859-65-2181,555-964-3519,720 Main St,Springfield,IL,60358,BlueCross BlueShield,INS156904,B+,None,2016-07-31
PT00255,Susan,Hernandez,1958-03-16,M,517-59-8391,555-845-7626,6481 Main St,Springfield,IL,62757,BlueCross BlueShield,INS660814,A+,Hypertension,2016-01-08
PT00256,Elizabeth,Anderson,1980-02-10,F,208-47-5937,555-821-2417,6573 Main St,Springfield,IL,62706,BlueCross BlueShield,INS597012,B+,None,2018-01-22
PT00257,James,Moore,2011-03-18,M,658-47-3360,555-505-7113,2119 Main St,Springfield,IL,60171,BlueCross BlueShield,INS700538,AB+,Hypertension,2021-11-01
PT00258,John,Garcia,2000-02-16,M,452-37-7760,555-861-9397,3717 Main St,Springfield,IL,62526,Humana,INS365018,B-,Hypertension,2019-01-25
PT00259,Elizabeth,Williams,1939-11-18,F,971-80-8557,555-860-2198,1708 Main St,Springfield,IL,60808,Medicaid,INS708798,AB-,None,2023-01-04
PT00260,Jessica,Anderson,1943-12-23,F,391-89-2143,555-398-6206,5108 Main St,Springfield,IL,62840,Medicare,INS259797,O-,None,2024-08-09
PT00261,John,Hernandez,2005-06-26,F,326-92-8145,555-483-6889,7683 Main St,Springfield,IL,61824,Aetna,INS912402,O+,Heart Disease,2017-06-10
PT00262,Robert,Williams,2010-07-09,M,387-27-9824,555-401-5312,8409 Main St,Springfield,IL,62587,BlueCross BlueShield,INS952117,AB+,None,2015-10-28
PT00263,Linda,Jackson,1983-06-02,F,583-93-3435,555-574-7430,2293 Main St,Springfield,IL,61903,Medicare,INS635205,A-,COPD,2023-02-28
PT00264,John,Anderson,2011-01-28,M,925-88-3717,555-975-9423,3035 Main St,Springfield,IL,62319,Medicare,INS791444,B+,Heart Disease,2023-01-18
PT00265,Michael,Taylor,1955-10-16,F,164-43-7052,555-439-1701,6458 Main St,Springfield,IL,61923,Cigna,INS148693,A+,None,2017-04-25
PT00266,Richard,Gonzalez,2009-06-06,F,380-43-9918,555-783-3848,9728 Main St,Springfield,IL,62676,Humana,INS181618,O+,COPD,2019-12-31
PT00267,Thomas,Jones,2012-11-05,F,453-72-8898,555-818-1108,2813 Main St,Springfield,IL,60942,BlueCross BlueShield,INS639535,O+,None,2018-05-15
PT00268,Patricia,Thomas,1999-05-09,F,936-25-4773,555-624-6410,7948 Main St,Springfield,IL,60863,Medicare,INS269078,AB+,Diabetes,2020-06-19
PT00269,Mary,Garcia,1949-06-15,F,237-90-9399,555-240-3406,3049 Main St,Springfield,IL,62116,Cigna,INS728471,A+,None,2016-12-03
PT00270,Karen,Jones,1977-04-17,M,988-71-3794,555-424-7730,8469 Main St,Springfield,IL,61083,UnitedHealth,INS859364,O-,Heart Disease,2016-07-17
PT00271,John,Martin,1944-09-27,M,116-35-9564,555-716-7877,3006 Main St,Springfield,IL,61949,Medicare,INS728950,A+,Hypertension,2017-02-02
PT00272,Barbara,Johnson,1989-02-20,F,652-10-8069,555-734-7892,3859 Main St,Springfield,IL,61974,Humana,INS906010,AB+,None,2017-03-11
PT00273,Susan,Rodriguez,2003-09-16,M,338-20-5641,555-812-9908,189 Main St,Springfield,IL,62904,Medicaid,INS927769,A+,Hypertension,2015-02-28
PT00274,Susan,Jackson,2007-02-26,F,423-62-6935,555-309-3535,4381 Main St,Springfield,IL,62195,Cigna,INS692099,O-,None,2023-11-30
PT00275,David,Martinez,2005-04-26,F,670-71-3928,555-579-8925,6622 Main St,Springfield,IL,60565,Humana,INS791308,A-,None,2025-01-06
PT00276,Jennifer,Gonzalez,1943-12-30,M,319-75-7562,555-546-1852,1592 Main St,Springfield,IL,60595,Cigna,INS729402,AB+,Hypertension,2016-06-08
PT00277,Elizabeth,Martin,1989-08-21,M,138-59-7564,555-828-9536,2971 Main St,Springfield,IL,62622,Cigna,INS560295,A+,None,2021-05-31
PT00278,Mary,Lopez,1980-10-20,M,628-99-4795,555-829-3776,104 Main St,Springfield,IL,60644,BlueCross BlueShield,INS389340,AB+,None,2023-11-12
PT00279,Sarah,Jackson,1936-05-18,F,854-18-2477,555-762-5661,5793 Main St,Springfield,IL,61132,UnitedHealth,INS735818,B-,Heart Disease,2024-01-23
PT00280,William,Brown,1971-07-11,F,618-23-2185,555-715-5821,8913 Main St,Springfield,IL,62354,Aetna,INS827912,AB-,COPD,2025-11-05
PT00281,Jessica,Brown,2004-07-31,F,569-97-8548,555-800-1448,1206 Main St,Springfield,IL,61567,Medicaid,INS926965,B-,None,2022-01-30
PT00282,Robert,Gonzalez,1983-01-21,F,109-99-5314,555-454-5706,1345 Main St,Springfield,IL,62271,UnitedHealth,INS599704,O-,None,2019-11-26
PT00283,Linda,Davis,2001-12-10,F,799-34-9175,555-954-4271,3487 Main St,Springfield,IL,60938,UnitedHealth,INS975498,B-,None,2018-07-01
PT00284,Sarah,Johnson,1942-01-15,F,792-94-9071,555-828-1108,6181 Main St,Springfield,IL,62542,Aetna,INS616256,O+,Heart Disease,2019-02-07
PT00285,Susan,Thomas,1960-02-22,M,507-38-3101,555-255-9613,8332 Main St,Springfield,IL,61422,Cigna,INS819678,B+,Heart Disease,2017-09-13
PT00286,William,Lopez,1996-10-31,F,108-11-4452,555-588-2650,3166 Main St,Springfield,IL,62246,Aetna,INS348658,O+,Heart Disease,2022-09-11
PT00287,David,Anderson,1953-11-20,M,529-99-7099,555-573-7563,9461 Main St,Springfield,IL,60537,Medicare,INS819335,B-,Hypertension,2021-01-20
PT00288,Jessica,Smith,2011-10-28,M,490-35-3389,555-956-3450,7006 Main St,Springfield,IL,62046,UnitedHealth,INS990649,O-,Heart Disease,2021-09-23
PT00289,David,Thomas,1939-04-13,M,507-22-3676,555-261-4530,,Springfield,IL,61370,Aetna,INS478496,O-,None,2022-09-20
PT00290,Jennifer,Martinez,2012-10-24,F,795-87-4259,555-790-9821,5426 Main St,Springfield,IL,62757,Medicare,INS611174,AB-,Hypertension,2023-07-19
PT00291,Robert,Williams,1947-12-30,M,989-31-6527,555-631-7631,5729 Main St,Springfield,IL,60934,Aetna,INS432270,O+,None,2023-11-14
PT00292,Jennifer,Garcia,2012-05-28,M,471-85-9535,555-661-7782,2148 Main St,Springfield,IL,62980,UnitedHealth,INS794180,O+,Hypertension,2019-09-22
PT00293,Richard,Taylor,1940-09-21,M,999-70-9985,555-255-1431,1802 Main St,Springfield,IL,61075,Medicare,INS262816,A-,COPD,2021-12-09
PT00294,James,Johnson,1974-10-04,F,741-26-3150,555-739-3795,5428 Main St,Springfield,IL,61950,Cigna,INS666843,O+,Heart Disease,2018-01-11
PT00295,Thomas,Moore,1950-11-19,F,705-86-8480,555-846-8126,5788 Main St,Springfield,IL,61972,Medicare,INS338161,A-,Heart Disease,2021-11-27
PT00296,Barbara,Martinez,1962-03-27,F,110-10-9574,555-976-3233,8867 Main St,Springfield,IL,60034,Medicaid,INS615827,AB-,None,2015-03-16
PT00297,Susan,Moore,1988-07-23,F,336-10-9981,555-582-4089,6567 Main St,Springfield,IL,61023,UnitedHealth,INS849666,AB+,COPD,2019-12-13
PT00298,David,Wilson,1956-06-28,M,629-88-5454,555-491-9715,1221 Main St,Springfield,IL,60747,UnitedHealth,INS403662,A-,Heart Disease,2025-02-26
PT00299,James,Garcia,1951-11-06,M,428-12-3492,555-250-9764,4722 Main St,Springfield,IL,61102,,INS849937,AB-,Diabetes,2020-03-22
PT00300,Joseph,Johnson,1954-06-26,F,450-63-6104,555-710-7084,1414 Main St,Springfield,IL,60598,BlueCross BlueShield,INS379449,AB+,Hypertension,2025-07-18
PT00001,Robert,Johnson,1961-04-20,M,949-90-6925,555-791-4150,4841 Main St,Springfield,IL,60326,Humana,INS344098,A-,COPD,2021-03-27
PT00002,Robert,Martin,1949-08-04,M,479-55-4432,555-886-5374,8851 Main St,Springfield,IL,62986,UnitedHealth,INS271339,AB-,COPD,2021-01-20
PT00003,Linda,Johnson,1984-12-19,F,324-97-6313,555-986-1916,6672 Main St,Springfield,IL,61096,BlueCross BlueShield,INS321231,O-,None,2026-03-13
PT00004,David,Jackson,1976-03-01,F,246-43-3287,555-452-9830,9660 Main St,Springfield,IL,61635,Aetna,INS329974,B+,Heart Disease,2017-01-14
PT00005,Richard,Gonzalez,1948-09-17,F,742-30-7916,555-810-2040,8769 Main St,Springfield,IL,61029,Medicare,INS112038,A-,None,2022-08-18
PT00006,Thomas,Brown,1975-09-15,F,103-43-9201,555-980-3927,8417 Main St,Springfield,IL,62494,UnitedHealth,INS260263,O-,Asthma,2015-01-05
