user_id,transaction_date,region,product_category,sale_amount,age,subscription,city,price,store_id,email,username,status,raw_timestamp
U1327,2024-02-27,West,Groceries,740.71,62,Basic,Delhi,73.25,S003,u1327@example.com,user_u1327,active,2024-02-27 17:12:45
U1332,2024-12-25,South,Clothing,1427.04,63,Premium,Nagpur,562.96,S007,u1332@example.com,user_u1332,active,2024-12-25 12:06:22
U1433,2024-06-25,North,Electronics,2704.33,39,Premium,Lucknow,1260.99,S012,u1433@example.com,user_u1433,active,2024-06-25 21:14:49
U1148,2024-02-10,East,Electronics,2294.38,25,Free,Kolkata,541.29,S003,u1148@example.com,user_u1148,inactive,2024-02-10 05:29:24
U1138,2024-11-23,East,Groceries,3891.2,17,Free,Bengaluru,429.86,S019,u1138@example.com,user_u1138,,2024-11-23 12:56:58
U1329,2024-08-22,East,Groceries,3737.7,62,Basic,Bengaluru,804.81,S008,u1329@example.com,user_u1329,,2024-08-22 02:48:03
U1440,2024-02-26,East,Clothing,2139.69,39,Basic,Hyderabad,1942.45,S001,u1440@example.com,user_u1440,pending,2024-02-26 20:21:07
U1150,2024-08-10,East,Furniture,,61,Free,Lucknow,1020.29,S004,u1150@example.com,user_u1150,inactive,2024-08-10 04:23:48
U1082,2024-10-03,West,Toys,146.41,68,Free,Pune,1757.24,S003,u1082@example.com,user_u1082,active,2024-10-03 17:49:08
U1065,2024-12-03,South,Toys,2661.99,28,Basic,Nagpur,1428.77,S013,u1065@example.com,user_u1065,,2024-12-03 16:28:07
U1126,2024-04-25,West,Groceries,,52,Premium,Mumbai,1265.89,S008,u1126@example.com,,pending,2024-04-25 02:32:15
U1142,2024-12-08,South,Clothing,3630.6,51,Free,Pune,1616.92,S007,u1142@example.com,user_u1142,pending,2024-12-08 13:26:29
U1442,2024-01-28,West,Electronics,1729.55,30,Premium,Pune,288.96,S006,u1442@example.com,user_u1442,active,2024-01-28 14:51:55
U1438,2024-10-08,West,Electronics,2725.91,,Premium,Pune,976.43,S007,u1438@example.com,user_u1438,inactive,2024-10-08 12:00:24
U1135,2024-08-20,North,Furniture,3666.0,57,Basic,Hyderabad,600.45,S002,u1135@example.com,user_u1135,pending,2024-08-20 01:03:37
U1244,2024-09-14,East,Electronics,446.55,53,Premium,Surat,813.51,S019,u1244@example.com,user_u1244,active,2024-09-14 13:42:37
U1289,2024-09-24,North,Groceries,3595.15,40,Premium,Surat,919.88,S003,,user_u1289,active,2024-09-24 02:34:13
U1259,2024-05-15,East,Groceries,4402.39,25,Free,Lucknow,1227.24,S017,,user_u1259,pending,2024-05-15 21:06:56
U1068,2024-05-15,West,Electronics,819.47,28,Basic,Kolkata,1272.13,S009,u1068@example.com,user_u1068,active,2024-05-15 02:40:27
U1424,2024-05-21,West,Electronics,697.56,25,Basic,Hyderabad,861.1,S001,u1424@example.com,user_u1424,inactive,2024-05-21 17:02:53
U1189,2024-10-25,East,Furniture,1575.88,65,Premium,Kolkata,506.56,S004,u1189@example.com,user_u1189,,2024-10-25 19:47:09
U1473,2024-05-01,East,Clothing,172.69,36,Free,Surat,1623.39,S009,u1473@example.com,user_u1473,,2024-05-01 01:54:30
U1113,2024-04-12,South,Groceries,3986.96,16,Basic,Pune,564.42,S003,u1113@example.com,user_u1113,,2024-04-12 21:53:34
U1169,2024-01-15,West,Groceries,4814.54,21,Basic,Bengaluru,1574.99,S014,u1169@example.com,user_u1169,,2024-01-15 18:12:16
U1022,2024-12-28,South,Electronics,4042.23,62,Basic,Surat,868.28,S011,u1022@example.com,user_u1022,active,2024-12-28 23:57:19
U1259,2024-06-07,South,Groceries,1513.49,41,Basic,Bengaluru,1806.58,S020,u1259@example.com,user_u1259,active,2024-06-07 09:18:13
U1220,2024-10-23,North,Furniture,3394.35,65,Basic,Jaipur,574.73,S020,u1220@example.com,user_u1220,inactive,2024-10-23 21:19:14
U1412,2024-04-11,East,Electronics,4920.48,64,Premium,Hyderabad,1263.23,S007,u1412@example.com,user_u1412,,2024-04-11 07:09:41
U1352,2024-01-03,West,Furniture,4030.34,44,Premium,Lucknow,1698.19,S015,u1352@example.com,user_u1352,pending,2024-01-03 14:39:52
U1368,2024-09-15,South,Toys,837.83,43,Free,Pune,561.85,S017,u1368@example.com,user_u1368,,2024-09-15 02:45:18
U1120,2024-05-19,North,Groceries,448.86,39,Basic,Jaipur,137.82,S014,u1120@example.com,user_u1120,active,2024-05-19 06:53:26
U1199,2024-10-26,West,Toys,79.19,63,Free,Bengaluru,1471.92,S020,u1199@example.com,user_u1199,pending,2024-10-26 13:31:01
U1199,2024-06-21,South,Clothing,4601.73,49,Premium,Bengaluru,1329.37,S003,u1199@example.com,user_u1199,,2024-06-21 05:03:16
U1194,2024-06-16,East,Furniture,3818.09,63,Free,Chennai,945.91,S018,u1194@example.com,user_u1194,inactive,2024-06-16 20:04:49
U1490,2024-11-29,West,Electronics,1036.84,,Premium,Pune,1342.22,S019,u1490@example.com,user_u1490,pending,2024-11-29 11:10:38
U1310,2024-02-28,East,Groceries,177.11,58,Free,Bengaluru,404.68,S019,u1310@example.com,user_u1310,active,2024-02-28 22:49:19
U1435,2024-12-16,West,Toys,1768.66,38,Premium,Lucknow,35.18,S014,u1435@example.com,user_u1435,pending,2024-12-16 20:57:53
U1235,2024-12-28,East,Furniture,2632.65,54,Basic,Hyderabad,1653.21,S019,u1235@example.com,user_u1235,active,2024-12-28 08:56:28
U1124,2024-08-25,South,Groceries,,26,Free,Pune,524.12,S009,u1124@example.com,user_u1124,pending,2024-08-25 17:00:33
U1485,2024-04-07,West,Clothing,2468.46,59,Free,Surat,901.87,S001,u1485@example.com,user_u1485,inactive,2024-04-07 09:42:37
U1188,2024-08-30,North,Furniture,2774.42,44,Free,Chennai,250.11,S007,u1188@example.com,user_u1188,inactive,2024-08-30 06:13:47
U1247,2024-05-21,North,Electronics,1516.42,34,Premium,Nagpur,555.88,S002,u1247@example.com,user_u1247,inactive,2024-05-21 20:55:48
U1251,2024-02-22,West,Toys,2419.64,18,Free,Hyderabad,140.03,S016,u1251@example.com,user_u1251,active,2024-02-22 04:09:51
U1288,2024-06-04,West,Clothing,3834.0,65,Basic,Pune,766.95,S015,u1288@example.com,user_u1288,,2024-06-04 09:36:39
U1030,2024-11-08,West,Clothing,1360.0,30,Premium,Lucknow,15.32,S015,u1030@example.com,user_u1030,active,2024-11-08 07:18:45
U1144,2024-12-25,South,Electronics,4623.36,55,Basic,Surat,403.66,S004,u1144@example.com,user_u1144,pending,2024-12-25 04:04:03
U1084,2024-06-06,North,Furniture,3458.96,32,Basic,Lucknow,170.08,S002,u1084@example.com,user_u1084,pending,2024-06-06 00:05:14
U1492,2024-12-11,West,Groceries,3827.39,48,Basic,Hyderabad,371.16,S019,u1492@example.com,user_u1492,active,2024-12-11 15:22:26
U1170,2024-06-13,West,Clothing,3483.68,40,Basic,Mumbai,635.89,S011,u1170@example.com,user_u1170,active,2024-06-13 21:55:34
U1236,2024-07-30,West,Clothing,3132.04,43,Premium,Pune,270.72,S010,u1236@example.com,user_u1236,active,2024-07-30 00:40:38
U1409,2024-05-02,East,Groceries,2783.64,68,Premium,Hyderabad,1298.94,S005,u1409@example.com,user_u1409,pending,2024-05-02 13:53:30
U1241,2024-05-04,South,Toys,993.52,62,Premium,Delhi,1582.11,S014,u1241@example.com,user_u1241,pending,2024-05-04 00:18:46
U1152,2024-10-27,South,Clothing,2447.49,63,Basic,Bengaluru,650.34,S007,u1152@example.com,user_u1152,,2024-10-27 07:54:49
U1210,2024-01-23,North,Furniture,4066.47,57,Basic,Jaipur,83.67,S017,u1210@example.com,user_u1210,active,2024-01-23 14:06:33
U1466,2024-08-21,West,Clothing,3291.17,45,Free,Kolkata,800.99,S003,u1466@example.com,user_u1466,,2024-08-21 10:40:45
U1454,2024-09-06,West,Toys,3174.25,29,Basic,Delhi,205.9,S004,u1454@example.com,user_u1454,active,2024-09-06 01:20:50
U1028,2024-05-30,North,Groceries,1258.78,58,Premium,Jaipur,1222.89,S013,u1028@example.com,user_u1028,inactive,2024-05-30 07:29:40
U1130,2024-08-23,North,Electronics,2353.0,49,Premium,Delhi,697.68,S019,u1130@example.com,user_u1130,pending,2024-08-23 14:54:19
U1101,2024-07-15,South,Electronics,2881.02,59,Free,Mumbai,1319.88,S009,,user_u1101,active,2024-07-15 19:47:31
U1426,2024-05-26,East,Toys,1134.07,31,Basic,Nagpur,1364.9,S005,u1426@example.com,user_u1426,active,2024-05-26 09:50:28
U1017,2024-10-23,North,Clothing,1510.8,26,Premium,Jaipur,1754.16,S012,u1017@example.com,user_u1017,inactive,2024-10-23 08:58:52
U1483,2024-09-03,North,Groceries,2368.24,63,Premium,Surat,1960.09,S018,u1483@example.com,user_u1483,active,2024-09-03 08:34:07
U1232,2024-07-07,North,Toys,3210.82,58,Premium,Hyderabad,,S018,u1232@example.com,user_u1232,active,2024-07-07 20:52:29
U1465,2024-12-24,North,Furniture,274.47,,Free,Delhi,1775.65,S005,u1465@example.com,user_u1465,,2024-12-24 18:47:46
U1079,2024-07-31,West,Furniture,4698.31,59,Free,Pune,1901.6,S012,u1079@example.com,user_u1079,pending,2024-07-31 01:25:17
U1097,2024-03-03,South,Electronics,3226.44,16,Premium,Kolkata,260.59,S019,u1097@example.com,user_u1097,inactive,2024-03-03 18:13:52
U1445,2024-04-29,North,Clothing,3000.11,24,Premium,Lucknow,357.25,S001,u1445@example.com,user_u1445,inactive,2024-04-29 18:20:01
U1089,2024-05-15,West,Clothing,2654.12,45,Free,Kolkata,227.02,S017,u1089@example.com,user_u1089,pending,2024-05-15 14:41:01
U1031,2024-09-02,South,Furniture,2476.83,19,Premium,Kolkata,140.71,S009,u1031@example.com,user_u1031,pending,2024-09-02 12:38:33
U1150,2024-08-20,South,Electronics,616.35,64,Basic,Nagpur,865.84,S008,u1150@example.com,user_u1150,,2024-08-20 13:46:06
U1160,2024-08-06,North,Groceries,805.56,19,Premium,Delhi,202.16,S012,u1160@example.com,user_u1160,pending,2024-08-06 21:07:26
U1181,2024-12-06,South,Electronics,3022.03,51,Basic,Pune,969.56,S004,u1181@example.com,user_u1181,active,2024-12-06 08:36:14
U1413,2024-08-07,West,Toys,4155.83,26,Free,Nagpur,1843.86,S012,,user_u1413,,2024-08-07 02:09:47
U1324,2024-01-16,West,Toys,2128.17,38,Free,Nagpur,1883.4,S020,u1324@example.com,user_u1324,inactive,2024-01-16 19:03:43
U1041,2024-05-19,South,Furniture,2238.12,63,Basic,Delhi,230.67,S019,u1041@example.com,user_u1041,active,2024-05-19 07:25:38
U1028,2024-01-04,East,Groceries,3848.38,33,Free,Delhi,,S014,u1028@example.com,user_u1028,inactive,2024-01-04 16:35:53
U1342,2024-06-30,West,Furniture,259.4,,Premium,Kolkata,1151.07,S014,u1342@example.com,user_u1342,pending,2024-06-30 05:51:39
U1235,2024-12-19,North,Electronics,574.02,40,Basic,Delhi,627.45,S011,u1235@example.com,user_u1235,active,2024-12-19 16:40:07
U1271,2024-09-18,East,Groceries,4793.21,24,Premium,Delhi,402.57,S020,u1271@example.com,user_u1271,active,2024-09-18 05:49:40
U1252,2024-08-25,South,Toys,4933.33,55,Free,Jaipur,943.15,S010,u1252@example.com,user_u1252,pending,2024-08-25 16:04:19
U1236,2024-08-19,West,Electronics,1471.03,69,Premium,Indore,775.12,S019,u1236@example.com,user_u1236,active,2024-08-19 14:58:51
U1292,2024-11-29,East,Groceries,2531.77,43,Premium,Kolkata,177.81,S006,,user_u1292,,2024-11-29 16:33:39
U1081,2024-07-05,North,Groceries,3883.6,18,Basic,Surat,666.08,S018,u1081@example.com,user_u1081,inactive,2024-07-05 10:05:37
U1339,2024-03-13,North,Groceries,3507.48,53,Basic,Delhi,759.59,S011,u1339@example.com,user_u1339,active,2024-03-13 20:42:27
U1260,2024-07-04,West,Groceries,4758.29,64,Free,Pune,283.76,S003,u1260@example.com,user_u1260,active,2024-07-04 21:21:56
U1392,2024-11-12,East,Toys,853.12,64,Basic,Jaipur,96.95,S012,u1392@example.com,user_u1392,,2024-11-12 19:18:48
U1383,2024-08-17,East,Toys,4829.7,68,Premium,Kolkata,1145.13,S015,u1383@example.com,user_u1383,,2024-08-17 16:33:26
U1494,2024-03-23,East,Toys,1287.52,70,Free,Lucknow,1425.69,S017,u1494@example.com,user_u1494,inactive,2024-03-23 08:28:57
U1262,2024-03-16,South,Electronics,1149.09,37,Premium,Bengaluru,1008.99,S008,u1262@example.com,user_u1262,inactive,2024-03-16 00:20:59
U1050,2024-12-31,North,Clothing,1470.05,59,Premium,Nagpur,1234.54,S003,,user_u1050,inactive,2024-12-31 17:46:38
U1270,2024-08-04,West,Groceries,653.15,55,Basic,Hyderabad,1675.01,S016,u1270@example.com,,inactive,2024-08-04 22:09:18
U1219,2024-01-01,North,Clothing,977.2,48,Free,Delhi,1092.72,S017,u1219@example.com,user_u1219,,2024-01-01 01:40:24
U1191,2024-05-09,West,Groceries,1756.77,55,Premium,Indore,671.71,S002,u1191@example.com,user_u1191,inactive,2024-05-09 21:29:44
U1245,2024-11-19,East,Clothing,3892.14,33,Premium,Mumbai,1772.72,S011,u1245@example.com,user_u1245,,2024-11-19 08:02:48
U1331,2024-04-07,North,Groceries,286.63,32,Premium,Kolkata,806.04,S015,u1331@example.com,user_u1331,inactive,2024-04-07 15:44:31
U1188,2024-09-22,North,Electronics,440.69,67,Premium,Lucknow,214.17,S011,u1188@example.com,user_u1188,,2024-09-22 05:44:28
U1179,2024-08-16,West,Groceries,2202.96,65,Premium,Delhi,818.36,S017,u1179@example.com,user_u1179,active,2024-08-16 04:54:38
U1347,2024-08-12,West,Clothing,3903.65,39,Basic,Mumbai,1361.33,S012,u1347@example.com,user_u1347,inactive,2024-08-12 16:23:25
U1160,2024-11-28,North,Clothing,178.27,48,Free,Lucknow,1552.18,S015,u1160@example.com,user_u1160,,2024-11-28 06:07:08
U1436,2024-02-07,South,Clothing,2253.3,58,Free,Surat,139.23,S018,u1436@example.com,user_u1436,inactive,2024-02-07 22:45:59
U1358,2024-11-22,East,Groceries,650.74,23,Premium,Hyderabad,,S018,u1358@example.com,user_u1358,inactive,2024-11-22 19:56:05
U1033,2024-06-07,South,Furniture,3857.36,19,Premium,Kolkata,905.45,S017,u1033@example.com,user_u1033,inactive,2024-06-07 04:27:32
U1466,2024-01-29,West,Toys,865.05,60,Premium,Kolkata,1042.61,S010,u1466@example.com,user_u1466,pending,2024-01-29 04:40:19
U1314,2024-09-30,West,Toys,2979.45,25,Basic,Indore,1214.23,S019,,user_u1314,active,2024-09-30 01:41:49
U1295,2024-05-15,East,Toys,3213.01,55,Basic,Chennai,611.17,S008,u1295@example.com,user_u1295,pending,2024-05-15 14:04:44
U1030,2024-03-21,South,Furniture,1059.91,35,Basic,Kolkata,1722.95,S013,u1030@example.com,user_u1030,active,2024-03-21 10:15:29
U1062,2024-05-16,South,Clothing,300.5,70,Basic,Bengaluru,1731.96,S006,u1062@example.com,user_u1062,pending,2024-05-16 06:48:10
U1255,2024-09-20,South,Furniture,2511.98,40,Basic,Hyderabad,438.14,S012,,user_u1255,,2024-09-20 09:34:00
U1433,2024-02-25,South,Clothing,3651.16,38,Premium,Bengaluru,1128.02,S012,u1433@example.com,user_u1433,,2024-02-25 17:17:52
U1319,2024-12-14,West,Clothing,1999.82,36,Basic,Kolkata,406.13,S017,u1319@example.com,user_u1319,active,2024-12-14 04:45:21
U1411,2024-08-30,South,Clothing,2601.75,54,Free,Jaipur,1236.84,S010,u1411@example.com,user_u1411,,2024-08-30 22:36:19
U1243,2024-01-09,North,Groceries,4900.5,65,Basic,Nagpur,1197.85,S009,u1243@example.com,user_u1243,inactive,2024-01-09 23:03:37
U1245,2024-03-28,South,Clothing,1248.87,59,Premium,Pune,,S011,u1245@example.com,user_u1245,inactive,2024-03-28 13:32:49
U1313,2024-08-29,West,Clothing,2826.39,45,Basic,Bengaluru,354.63,S018,u1313@example.com,user_u1313,pending,2024-08-29 19:30:12
U1490,2024-05-06,North,Toys,4710.35,64,Free,Nagpur,1412.93,S011,u1490@example.com,user_u1490,pending,2024-05-06 09:07:36
U1346,2024-10-05,South,Furniture,4775.31,33,Premium,Chennai,167.27,S015,u1346@example.com,user_u1346,inactive,2024-10-05 06:52:34
U1138,2024-10-14,North,Clothing,3717.41,18,Basic,Lucknow,473.34,S004,u1138@example.com,user_u1138,active,2024-10-14 21:49:08
U1002,2024-10-08,East,Furniture,4409.2,56,Premium,Chennai,1295.34,S003,u1002@example.com,user_u1002,active,2024-10-08 05:26:56
U1428,2024-03-31,West,Furniture,972.24,70,Free,Mumbai,,S019,u1428@example.com,user_u1428,pending,2024-03-31 09:29:41
U1278,2024-09-25,South,Clothing,2366.7,22,Free,Jaipur,1300.09,S006,,user_u1278,pending,2024-09-25 18:43:48
U1098,2024-03-30,South,Furniture,479.35,26,Premium,Hyderabad,503.61,S009,u1098@example.com,user_u1098,pending,2024-03-30 10:19:37
U1370,2024-10-20,West,Groceries,3479.2,22,Free,Chennai,1375.29,S010,u1370@example.com,user_u1370,pending,2024-10-20 11:39:14
U1112,2024-03-09,South,Clothing,4944.75,59,Basic,Hyderabad,1605.97,S007,u1112@example.com,user_u1112,active,2024-03-09 16:28:33
U1360,2024-07-04,West,Toys,4152.43,27,Basic,Lucknow,662.95,S017,u1360@example.com,user_u1360,,2024-07-04 02:57:32
U1228,2024-01-29,South,Clothing,2311.15,44,Basic,Chennai,797.94,S001,u1228@example.com,user_u1228,active,2024-01-29 13:22:44
U1032,2024-10-04,West,Electronics,2386.75,26,Premium,Surat,1295.3,S014,u1032@example.com,user_u1032,,2024-10-04 12:24:05
U1349,2024-12-04,East,Groceries,4964.59,23,Basic,Pune,1514.8,S010,u1349@example.com,user_u1349,,2024-12-04 17:24:52
U1117,2024-05-06,South,Groceries,982.98,63,Premium,Mumbai,844.29,S001,u1117@example.com,user_u1117,active,2024-05-06 14:38:43
U1360,2024-01-25,East,Electronics,1209.98,70,Premium,Jaipur,585.63,S019,u1360@example.com,user_u1360,pending,2024-01-25 07:19:56
U1073,2024-12-04,East,Furniture,351.74,62,Premium,Surat,1116.14,S002,u1073@example.com,user_u1073,,2024-12-04 16:20:44
U1213,2024-07-28,East,Groceries,3784.36,69,Premium,Chennai,297.26,S015,u1213@example.com,user_u1213,,2024-07-28 17:33:08
U1198,2024-05-04,North,Clothing,441.4,38,Premium,Lucknow,389.06,S009,u1198@example.com,user_u1198,active,2024-05-04 02:12:51
U1389,2024-10-27,East,Furniture,4539.81,15,Premium,Pune,243.46,S016,u1389@example.com,user_u1389,inactive,2024-10-27 12:58:15
U1282,2024-06-13,North,Furniture,3261.17,38,Basic,Hyderabad,1607.61,S016,u1282@example.com,user_u1282,inactive,2024-06-13 11:20:26
U1023,2024-10-15,East,Clothing,,52,Basic,Nagpur,313.3,S011,u1023@example.com,user_u1023,inactive,2024-10-15 15:35:41
U1483,2024-12-16,North,Groceries,2468.67,62,Free,Hyderabad,1592.0,S006,u1483@example.com,user_u1483,inactive,2024-12-16 17:41:03
U1268,2024-01-18,West,Electronics,2091.34,29,Premium,Nagpur,445.25,S015,u1268@example.com,user_u1268,,2024-01-18 21:31:01
U1003,2024-09-29,South,Electronics,,49,Free,Mumbai,1398.74,S014,u1003@example.com,user_u1003,active,2024-09-29 03:33:09
U1123,2024-04-08,North,Groceries,2014.64,40,Free,Indore,1397.5,S010,u1123@example.com,user_u1123,active,2024-04-08 02:25:24
U1193,2024-10-09,South,Electronics,3529.08,69,Free,Surat,1136.05,S004,u1193@example.com,user_u1193,inactive,2024-10-09 06:57:55
U1354,2024-10-17,South,Groceries,418.02,49,Basic,Surat,,S011,,user_u1354,inactive,2024-10-17 22:52:25
U1475,2024-02-09,North,Clothing,2855.14,58,Basic,Kolkata,1482.09,S003,u1475@example.com,user_u1475,active,2024-02-09 03:27:14
U1429,2024-02-08,North,Toys,4776.55,64,Free,Mumbai,1569.26,S015,u1429@example.com,user_u1429,,2024-02-08 13:11:43
U1299,2024-12-04,South,Electronics,1512.13,19,Premium,Chennai,1426.24,S005,u1299@example.com,user_u1299,active,2024-12-04 02:00:19
U1227,2024-07-03,North,Electronics,977.59,50,Basic,Bengaluru,188.34,S018,u1227@example.com,user_u1227,pending,2024-07-03 12:00:18
U1211,2024-07-17,West,Toys,4891.96,25,Basic,Bengaluru,545.15,S009,u1211@example.com,user_u1211,,2024-07-17 08:26:19
U1247,2024-02-09,North,Groceries,3618.45,54,Premium,Hyderabad,616.27,S013,u1247@example.com,user_u1247,pending,2024-02-09 14:21:27
U1417,2024-11-29,East,Groceries,4739.03,35,Premium,Bengaluru,589.98,S016,u1417@example.com,user_u1417,pending,2024-11-29 12:17:52
U1402,2024-07-20,North,Electronics,1039.01,26,Basic,Lucknow,,S015,u1402@example.com,user_u1402,pending,2024-07-20 22:04:52
U1434,2024-07-28,South,Clothing,1248.0,60,Free,Bengaluru,1981.49,S016,u1434@example.com,user_u1434,,2024-07-28 17:02:50
U1495,2024-07-03,West,Electronics,3305.13,56,Basic,Mumbai,1293.61,S013,u1495@example.com,user_u1495,,2024-07-03 03:00:06
U1132,2024-04-23,East,Furniture,2342.16,59,Basic,Jaipur,58.88,S004,u1132@example.com,user_u1132,active,2024-04-23 03:53:46
U1072,2024-06-27,North,Groceries,1073.99,45,Premium,Hyderabad,910.37,S003,u1072@example.com,user_u1072,active,2024-06-27 00:54:21
U1331,2024-02-25,East,Clothing,2781.96,42,Free,Pune,1263.22,S006,u1331@example.com,user_u1331,active,2024-02-25 23:39:56
U1101,2024-08-18,South,Furniture,,32,Basic,Delhi,1601.01,S018,u1101@example.com,user_u1101,,2024-08-18 03:16:42
U1441,2024-09-07,North,Toys,1993.09,37,Free,Indore,1350.44,S010,u1441@example.com,user_u1441,inactive,2024-09-07 10:07:15
U1156,2024-02-29,East,Groceries,2578.58,23,Basic,Bengaluru,978.47,S018,u1156@example.com,user_u1156,inactive,2024-02-29 17:10:31
U1147,2024-03-12,East,Groceries,3116.08,15,Free,Jaipur,774.05,S018,u1147@example.com,user_u1147,,2024-03-12 13:45:53
U1227,2024-09-07,East,Electronics,3989.61,17,Free,Pune,344.74,S015,u1227@example.com,user_u1227,,2024-09-07 17:32:07
U1293,2024-02-28,North,Toys,1865.97,17,Basic,Hyderabad,1979.65,S004,u1293@example.com,user_u1293,inactive,2024-02-28 09:55:02
U1230,2024-05-14,North,Electronics,4970.09,30,Premium,Nagpur,707.76,S020,u1230@example.com,user_u1230,inactive,2024-05-14 06:52:13
U1412,2024-01-31,North,Toys,2716.9,60,Free,Chennai,1905.27,S017,u1412@example.com,user_u1412,active,2024-01-31 04:48:50
U1210,2024-01-31,North,Clothing,706.82,35,Premium,Surat,292.92,S009,u1210@example.com,user_u1210,active,2024-01-31 20:50:56
U1393,2024-02-17,South,Toys,3488.78,44,Free,Kolkata,1739.13,S003,u1393@example.com,user_u1393,pending,2024-02-17 02:50:34
U1203,2024-04-21,South,Clothing,1648.18,50,Basic,Jaipur,975.82,S011,u1203@example.com,user_u1203,active,2024-04-21 03:40:50
U1428,2024-08-23,West,Electronics,832.02,42,Premium,Nagpur,1765.47,S010,u1428@example.com,user_u1428,pending,2024-08-23 02:41:23
U1128,2024-02-12,North,Clothing,3146.74,63,Premium,Bengaluru,1410.36,S001,u1128@example.com,user_u1128,inactive,2024-02-12 16:43:28
U1004,2024-01-05,North,Electronics,2140.45,19,Premium,Bengaluru,1613.85,S004,u1004@example.com,user_u1004,inactive,2024-01-05 12:49:52
U1385,2024-03-09,East,Electronics,91.95,43,Free,Nagpur,1499.05,S014,u1385@example.com,user_u1385,inactive,2024-03-09 02:57:06
U1071,2024-03-04,South,Groceries,1606.79,32,Basic,Delhi,1205.99,S020,u1071@example.com,user_u1071,active,2024-03-04 21:56:19
U1105,2024-09-22,East,Furniture,320.12,30,Free,Bengaluru,1004.17,S020,u1105@example.com,user_u1105,active,2024-09-22 11:59:20
U1067,2024-07-17,South,Groceries,905.21,64,Premium,Mumbai,37.45,S007,,user_u1067,,2024-07-17 16:18:40
U1364,2024-09-13,South,Furniture,458.02,54,Premium,Chennai,167.25,S007,u1364@example.com,user_u1364,pending,2024-09-13 12:37:40
U1390,2024-11-28,West,Groceries,3663.29,18,Premium,Delhi,240.81,S020,u1390@example.com,user_u1390,inactive,2024-11-28 03:00:45
U1070,2024-12-25,West,Clothing,1766.19,67,Basic,Chennai,262.59,S009,u1070@example.com,user_u1070,active,2024-12-25 10:51:27
U1139,2024-09-25,West,Groceries,2904.43,44,Basic,Kolkata,1720.13,S006,u1139@example.com,user_u1139,active,2024-09-25 18:43:46
U1059,2024-04-26,West,Electronics,110.83,38,Free,Jaipur,1921.08,S002,u1059@example.com,user_u1059,,2024-04-26 07:20:15
U1213,2024-06-12,North,Electronics,641.03,18,Premium,Pune,1963.01,S013,u1213@example.com,user_u1213,pending,2024-06-12 09:20:05
U1283,2024-08-21,West,Groceries,2840.84,54,Premium,Hyderabad,1944.0,S007,u1283@example.com,user_u1283,inactive,2024-08-21 04:00:59
U1209,2024-01-13,East,Toys,4205.89,36,Premium,Surat,1478.78,S010,u1209@example.com,user_u1209,inactive,2024-01-13 13:31:03
U1497,2024-03-13,North,Electronics,1195.79,41,Basic,Kolkata,1498.32,S019,u1497@example.com,user_u1497,,2024-03-13 02:37:36
U1031,2024-08-10,East,Clothing,4262.02,40,Basic,Nagpur,910.99,S008,u1031@example.com,user_u1031,active,2024-08-10 04:06:10
U1230,2024-08-26,North,Furniture,1823.52,43,Free,Hyderabad,248.63,S006,u1230@example.com,user_u1230,active,2024-08-26 06:53:54
U1167,2024-03-16,West,Clothing,2011.41,34,Free,Jaipur,,S013,u1167@example.com,user_u1167,inactive,2024-03-16 03:29:06
U1411,2024-03-12,West,Electronics,3915.75,27,Free,Kolkata,1875.77,S003,u1411@example.com,user_u1411,active,2024-03-12 00:04:12
U1462,2024-11-26,South,Clothing,4244.01,22,Premium,Hyderabad,1849.02,S014,u1462@example.com,user_u1462,active,2024-11-26 12:43:27
U1088,2024-06-30,East,Clothing,2257.76,54,Basic,Indore,597.26,S014,u1088@example.com,user_u1088,active,2024-06-30 08:24:08
U1214,2024-04-12,East,Toys,4947.55,37,Free,Lucknow,694.63,S019,u1214@example.com,user_u1214,inactive,2024-04-12 00:20:38
U1112,2024-01-16,North,Electronics,2384.84,52,Premium,Jaipur,1317.16,S009,u1112@example.com,user_u1112,active,2024-01-16 07:36:54
U1408,2024-07-17,North,Clothing,2982.97,59,Free,Indore,,S012,u1408@example.com,user_u1408,inactive,2024-07-17 15:34:19
U1089,2024-09-08,West,Electronics,3028.23,,Free,Mumbai,1232.13,S005,u1089@example.com,user_u1089,pending,2024-09-08 01:01:09
U1300,2024-12-26,East,Electronics,4310.31,38,Basic,Surat,211.05,S010,u1300@example.com,user_u1300,,2024-12-26 20:31:41
U1162,2024-03-30,North,Clothing,4081.55,61,Basic,Chennai,1460.37,S019,u1162@example.com,user_u1162,active,2024-03-30 05:38:20
U1471,2024-11-09,East,Toys,2506.12,19,Premium,Kolkata,344.1,S003,u1471@example.com,user_u1471,pending,2024-11-09 14:00:16
U1107,2024-05-07,West,Groceries,584.77,,Free,Hyderabad,1938.51,S014,u1107@example.com,user_u1107,,2024-05-07 03:53:30
U1403,2024-10-22,East,Clothing,4006.01,,Premium,Kolkata,218.4,S011,u1403@example.com,user_u1403,active,2024-10-22 17:57:05
U1173,2024-10-31,South,Electronics,3285.49,42,Premium,Mumbai,419.05,S007,u1173@example.com,user_u1173,pending,2024-10-31 21:18:19
U1121,2024-02-19,West,Furniture,4207.28,38,Premium,Bengaluru,1649.56,S020,u1121@example.com,user_u1121,inactive,2024-02-19 05:40:18
U1041,2024-08-30,West,Groceries,2381.18,31,Premium,Surat,377.91,S013,u1041@example.com,user_u1041,pending,2024-08-30 14:29:16
U1115,2024-05-17,West,Clothing,3353.97,37,Basic,Bengaluru,1183.56,S018,u1115@example.com,user_u1115,,2024-05-17 17:43:55
U1479,2024-08-31,East,Furniture,2004.28,17,Basic,Indore,1602.9,S020,u1479@example.com,user_u1479,,2024-08-31 05:10:13
U1413,2024-04-08,East,Electronics,4941.99,67,Basic,Jaipur,523.19,S003,u1413@example.com,user_u1413,pending,2024-04-08 08:33:29
U1469,2024-01-07,South,Electronics,783.59,63,Premium,Delhi,210.97,S010,u1469@example.com,user_u1469,,2024-01-07 08:24:41
U1248,2024-10-19,South,Electronics,2044.72,58,Basic,Bengaluru,,S011,u1248@example.com,user_u1248,,2024-10-19 08:57:23
U1010,2024-06-21,North,Groceries,2483.52,21,Premium,Jaipur,1490.01,S011,u1010@example.com,user_u1010,active,2024-06-21 06:28:13
U1467,2024-07-27,South,Toys,4114.04,25,Premium,Chennai,812.74,S017,u1467@example.com,,inactive,2024-07-27 06:53:03
U1127,2024-01-17,South,Electronics,3537.94,67,Free,Lucknow,1846.92,S001,u1127@example.com,user_u1127,,2024-01-17 05:55:30
U1300,2024-10-09,North,Groceries,4477.74,59,Premium,Chennai,,S002,u1300@example.com,user_u1300,inactive,2024-10-09 07:41:14
U1346,2024-04-15,North,Furniture,4329.92,58,Premium,Hyderabad,1298.27,S020,u1346@example.com,user_u1346,pending,2024-04-15 22:45:41
U1140,2024-08-04,South,Groceries,1130.13,48,Basic,Bengaluru,24.62,S012,u1140@example.com,user_u1140,pending,2024-08-04 09:43:06
U1246,2024-02-02,North,Groceries,4314.38,60,Basic,Chennai,1039.41,S008,u1246@example.com,user_u1246,,2024-02-02 21:20:43
U1071,2024-01-14,South,Groceries,2121.9,17,Basic,Nagpur,1633.87,S011,u1071@example.com,user_u1071,,2024-01-14 21:22:32
U1153,2024-03-28,East,Groceries,683.32,66,Basic,Jaipur,1800.19,S003,u1153@example.com,user_u1153,pending,2024-03-28 13:50:56
U1169,2024-07-09,North,Toys,4263.51,70,Basic,Indore,1245.1,S016,u1169@example.com,user_u1169,,2024-07-09 16:19:26
U1027,2024-03-18,East,Clothing,4936.6,44,Premium,Kolkata,368.91,S003,u1027@example.com,user_u1027,inactive,2024-03-18 10:40:03
U1002,2024-08-19,North,Clothing,884.6,46,Premium,Jaipur,1270.64,S013,u1002@example.com,user_u1002,active,2024-08-19 01:34:12
U1374,2024-07-10,West,Groceries,2678.62,,Premium,Surat,460.27,S012,u1374@example.com,user_u1374,pending,2024-07-10 05:04:52
U1023,2024-06-01,North,Furniture,3002.03,58,Premium,Kolkata,985.46,S007,u1023@example.com,user_u1023,,2024-06-01 00:14:14
U1372,2024-03-08,East,Electronics,886.47,56,Premium,Bengaluru,519.02,S018,u1372@example.com,user_u1372,active,2024-03-08 21:06:41
U1428,2024-01-11,West,Electronics,1932.26,45,Basic,Jaipur,1374.62,S001,u1428@example.com,user_u1428,pending,2024-01-11 19:38:44
U1070,2024-08-02,West,Toys,632.79,21,Free,Pune,1558.14,S017,u1070@example.com,user_u1070,,2024-08-02 09:10:02
U1280,2024-09-11,East,Furniture,63.55,22,Basic,Surat,1899.4,S017,u1280@example.com,user_u1280,pending,2024-09-11 20:14:29
U1151,2024-05-15,South,Electronics,914.77,,Free,Kolkata,632.29,S004,u1151@example.com,user_u1151,active,2024-05-15 00:54:08
U1339,2024-11-27,East,Groceries,2216.69,61,Premium,Kolkata,373.91,S013,u1339@example.com,user_u1339,,2024-11-27 22:54:30
U1409,2024-08-03,East,Electronics,3645.74,69,Premium,Delhi,1185.59,S019,u1409@example.com,user_u1409,,2024-08-03 11:39:01
U1441,2024-12-16,East,Furniture,609.04,17,Premium,Chennai,34.6,S017,u1441@example.com,user_u1441,inactive,2024-12-16 21:55:21
U1265,2024-09-24,West,Furniture,1280.46,58,Basic,Bengaluru,1654.61,S020,u1265@example.com,user_u1265,inactive,2024-09-24 16:54:30
U1436,2024-09-10,East,Electronics,1637.14,32,Premium,Lucknow,1290.2,S013,u1436@example.com,user_u1436,,2024-09-10 18:28:05
U1438,2024-09-12,South,Groceries,2512.0,21,Free,Bengaluru,,S018,,user_u1438,pending,2024-09-12 16:35:13
U1335,2024-12-09,South,Groceries,318.66,44,Free,Lucknow,1203.9,S012,u1335@example.com,user_u1335,inactive,2024-12-09 00:21:22
U1424,2024-11-20,North,Toys,3525.38,25,Free,Jaipur,1487.6,S014,u1424@example.com,user_u1424,inactive,2024-11-20 03:59:54
U1201,2024-04-20,South,Clothing,583.44,55,Basic,Indore,1784.59,S015,u1201@example.com,user_u1201,inactive,2024-04-20 15:00:33
U1376,2024-01-25,South,Toys,2566.25,26,Basic,Indore,1632.34,S004,u1376@example.com,user_u1376,pending,2024-01-25 16:56:24
U1214,2024-11-07,East,Groceries,1747.15,66,Premium,Jaipur,1403.03,S017,u1214@example.com,user_u1214,pending,2024-11-07 22:47:59
U1283,2024-11-19,East,Clothing,3586.2,58,Premium,Nagpur,1917.07,S017,u1283@example.com,user_u1283,active,2024-11-19 11:35:30
U1298,2024-10-19,South,Toys,4244.14,48,Premium,Mumbai,115.6,S002,u1298@example.com,user_u1298,inactive,2024-10-19 09:43:16
U1074,2024-02-01,North,Clothing,209.92,21,Basic,Surat,1731.03,S018,u1074@example.com,user_u1074,pending,2024-02-01 22:42:03
U1474,2024-07-14,South,Furniture,4880.32,50,Premium,Mumbai,414.14,S015,u1474@example.com,user_u1474,pending,2024-07-14 18:34:47
U1308,2024-04-10,East,Groceries,4918.09,26,Basic,Lucknow,90.86,S009,u1308@example.com,user_u1308,pending,2024-04-10 00:21:29
U1363,2024-03-20,West,Clothing,3004.56,55,Basic,Surat,1581.92,S018,u1363@example.com,user_u1363,pending,2024-03-20 16:14:11
U1266,2024-02-04,East,Furniture,2046.91,28,Basic,Kolkata,594.21,S020,u1266@example.com,user_u1266,active,2024-02-04 03:42:22
U1228,2024-05-03,East,Electronics,1638.64,22,Free,Chennai,572.83,S017,u1228@example.com,user_u1228,,2024-05-03 15:02:18
U1459,2024-11-29,East,Groceries,4743.65,64,Basic,Lucknow,,S003,u1459@example.com,user_u1459,inactive,2024-11-29 21:27:53
U1053,2024-04-15,South,Electronics,811.09,36,Premium,Delhi,364.2,S009,u1053@example.com,user_u1053,inactive,2024-04-15 08:26:24
U1230,2024-11-18,South,Furniture,1978.03,15,Basic,Nagpur,1514.36,S019,,user_u1230,pending,2024-11-18 16:06:18
U1402,2024-12-17,North,Toys,3838.11,40,Basic,Mumbai,1071.6,S005,u1402@example.com,user_u1402,pending,2024-12-17 20:09:19
U1346,2024-11-27,North,Electronics,2797.6,15,Basic,Indore,1099.58,S003,u1346@example.com,user_u1346,pending,2024-11-27 06:26:57
U1330,2024-09-19,East,Clothing,3103.58,22,Premium,Surat,1705.98,S018,u1330@example.com,user_u1330,pending,2024-09-19 21:04:16
U1050,2024-04-11,South,Groceries,3372.91,33,Basic,Delhi,642.39,S015,u1050@example.com,user_u1050,inactive,2024-04-11 18:36:23
U1413,2024-06-10,South,Clothing,,29,Basic,Nagpur,560.59,S012,u1413@example.com,user_u1413,,2024-06-10 14:28:22
U1396,2024-06-05,South,Toys,3245.48,32,Premium,Lucknow,1469.75,S003,u1396@example.com,user_u1396,active,2024-06-05 18:37:25
U1393,2024-10-29,East,Electronics,2740.17,45,Basic,Jaipur,454.38,S019,u1393@example.com,user_u1393,,2024-10-29 16:32:05
U1203,2024-07-05,West,Clothing,4042.37,25,Basic,Jaipur,366.5,S019,u1203@example.com,user_u1203,,2024-07-05 11:02:14
U1389,2024-09-06,East,Electronics,1208.39,48,Free,Bengaluru,914.74,S002,,user_u1389,active,2024-09-06 22:33:40
U1424,2024-05-20,North,Toys,910.56,38,Basic,Surat,164.9,S009,u1424@example.com,user_u1424,,2024-05-20 11:52:55
U1176,2024-09-06,South,Toys,,43,Premium,Pune,1290.52,S007,u1176@example.com,user_u1176,active,2024-09-06 21:14:26
U1415,2024-06-18,West,Furniture,2421.15,56,Free,Mumbai,264.49,S019,u1415@example.com,user_u1415,active,2024-06-18 18:09:03
U1085,2024-05-12,East,Toys,3016.82,16,Basic,Nagpur,574.07,S003,u1085@example.com,user_u1085,,2024-05-12 15:10:14
U1425,2024-07-29,East,Toys,950.33,31,Premium,Nagpur,1845.48,S020,u1425@example.com,user_u1425,,2024-07-29 04:06:01
U1103,2024-09-24,South,Clothing,928.24,53,Premium,Lucknow,243.86,S016,u1103@example.com,user_u1103,active,2024-09-24 21:41:27
U1267,2024-08-03,North,Electronics,2173.33,45,Free,Kolkata,1485.37,S019,u1267@example.com,user_u1267,,2024-08-03 07:58:54
U1042,2024-05-25,South,Groceries,3560.29,51,Basic,Delhi,756.31,S007,u1042@example.com,user_u1042,pending,2024-05-25 03:09:27
U1333,2024-10-26,North,Groceries,2146.63,32,Basic,Bengaluru,832.32,S018,u1333@example.com,user_u1333,,2024-10-26 08:19:36
U1176,2024-12-27,South,Clothing,3313.45,43,Basic,Jaipur,1021.6,S011,u1176@example.com,user_u1176,active,2024-12-27 05:24:40
U1002,2024-02-16,East,Furniture,2205.12,29,Free,Delhi,1451.74,S013,u1002@example.com,user_u1002,active,2024-02-16 05:40:31
U1224,2024-01-06,East,Toys,216.37,48,Basic,Pune,1351.31,S012,u1224@example.com,,inactive,2024-01-06 02:17:49
U1204,2024-06-29,South,Furniture,2612.83,19,Premium,Lucknow,1661.23,S019,u1204@example.com,user_u1204,pending,2024-06-29 07:38:12
U1232,2024-07-25,West,Groceries,2555.88,47,Free,Kolkata,1607.86,S009,u1232@example.com,user_u1232,pending,2024-07-25 22:28:24
U1288,2024-09-04,East,Groceries,2321.3,52,Premium,Hyderabad,144.43,S008,u1288@example.com,user_u1288,pending,2024-09-04 13:22:33
U1274,2024-01-05,North,Clothing,2024.71,36,Premium,Lucknow,958.35,S012,u1274@example.com,user_u1274,inactive,2024-01-05 23:43:59
U1465,2024-04-07,South,Clothing,1248.18,29,Premium,Pune,718.49,S004,u1465@example.com,user_u1465,,2024-04-07 19:00:48
U1438,2024-10-04,West,Furniture,1611.31,51,Free,Hyderabad,1530.88,S017,u1438@example.com,user_u1438,inactive,2024-10-04 01:33:51
U1216,2024-09-01,West,Toys,4308.98,44,Premium,Nagpur,638.15,S001,,user_u1216,active,2024-09-01 10:23:39
U1441,2024-05-12,East,Toys,1383.57,36,Free,Jaipur,428.96,S012,u1441@example.com,user_u1441,,2024-05-12 05:36:08
U1294,2024-12-17,East,Electronics,4030.23,69,Free,Pune,1918.7,S005,u1294@example.com,,,2024-12-17 15:08:57
U1434,2024-11-18,North,Furniture,2832.59,40,Premium,Nagpur,438.78,S009,u1434@example.com,user_u1434,,2024-11-18 23:21:16
U1184,2024-07-03,North,Groceries,,70,Basic,Indore,1156.03,S018,u1184@example.com,user_u1184,pending,2024-07-03 10:43:32
U1249,2024-08-16,West,Furniture,2345.57,70,Premium,Surat,681.4,S020,u1249@example.com,user_u1249,active,2024-08-16 02:10:21
U1116,2024-06-09,North,Groceries,3046.66,43,Free,Nagpur,1931.4,S014,u1116@example.com,user_u1116,inactive,2024-06-09 23:15:42
U1128,2024-12-24,West,Clothing,559.9,45,Basic,Mumbai,,S013,u1128@example.com,user_u1128,active,2024-12-24 08:39:09
U1043,2024-12-01,South,Groceries,3701.09,23,Premium,Lucknow,66.86,S012,u1043@example.com,user_u1043,,2024-12-01 14:55:34
U1478,2024-05-19,South,Clothing,3503.23,53,Free,Surat,1755.81,S014,u1478@example.com,user_u1478,pending,2024-05-19 11:30:34
U1116,2024-02-15,South,Groceries,1336.04,15,Basic,Jaipur,943.7,S001,u1116@example.com,user_u1116,,2024-02-15 09:00:49
U1220,2024-05-29,East,Electronics,983.43,42,Free,Pune,1476.86,S013,u1220@example.com,user_u1220,active,2024-05-29 13:40:15
U1264,2024-11-09,North,Groceries,2683.12,27,Premium,Jaipur,229.61,S015,u1264@example.com,user_u1264,,2024-11-09 06:20:01
U1077,2024-01-26,West,Clothing,1446.47,43,Basic,Mumbai,309.86,S016,u1077@example.com,user_u1077,,2024-01-26 11:29:44
U1405,2024-01-17,North,Electronics,4760.64,64,Free,Delhi,371.39,S009,u1405@example.com,user_u1405,active,2024-01-17 22:15:24
U1394,2024-08-14,East,Electronics,3689.85,57,Premium,Hyderabad,1922.82,S011,u1394@example.com,user_u1394,active,2024-08-14 08:30:40
U1152,2024-04-11,North,Electronics,1128.05,55,Free,Kolkata,,S009,u1152@example.com,user_u1152,inactive,2024-04-11 00:02:37
U1401,2024-12-19,South,Toys,3865.45,46,Premium,Surat,1862.39,S002,u1401@example.com,user_u1401,active,2024-12-19 04:31:14
U1162,2024-10-12,North,Furniture,155.7,61,Premium,Chennai,975.75,S015,u1162@example.com,user_u1162,,2024-10-12 06:36:11
U1278,2024-06-27,North,Furniture,4165.18,50,Premium,Delhi,904.27,S009,u1278@example.com,user_u1278,,2024-06-27 23:11:56
U1009,2024-11-13,North,Toys,3618.97,49,Free,Pune,1000.12,S018,u1009@example.com,user_u1009,,2024-11-13 20:20:07
U1049,2024-09-24,West,Electronics,692.38,27,Premium,Hyderabad,73.32,S013,u1049@example.com,user_u1049,pending,2024-09-24 01:23:14
U1310,2024-02-06,West,Clothing,4645.6,44,Basic,Mumbai,1489.52,S014,u1310@example.com,user_u1310,active,2024-02-06 19:17:33
U1020,2024-02-06,North,Electronics,4804.9,61,Premium,Lucknow,394.31,S008,u1020@example.com,user_u1020,,2024-02-06 23:06:49
U1326,2024-10-22,North,Furniture,2164.02,65,Premium,Lucknow,681.65,S006,u1326@example.com,user_u1326,pending,2024-10-22 10:35:20
U1432,2024-07-09,South,Furniture,1651.08,49,Premium,Bengaluru,1853.03,S009,u1432@example.com,user_u1432,,2024-07-09 00:46:02
U1145,2024-11-01,West,Toys,4457.11,,Premium,Pune,53.19,S009,u1145@example.com,user_u1145,inactive,2024-11-01 03:02:29
U1182,2024-03-20,East,Groceries,2931.67,66,Free,Delhi,1142.44,S007,u1182@example.com,user_u1182,,2024-03-20 05:31:52
U1460,2024-12-19,West,Toys,234.99,39,Premium,Mumbai,675.44,S014,u1460@example.com,user_u1460,inactive,2024-12-19 23:41:54
U1308,2024-01-06,South,Electronics,253.85,24,Free,Lucknow,314.86,S013,u1308@example.com,user_u1308,active,2024-01-06 07:27:18
U1402,2024-07-20,East,Clothing,2405.48,50,Free,Chennai,1008.63,S005,u1402@example.com,user_u1402,inactive,2024-07-20 15:25:41
U1292,2024-04-10,East,Clothing,3895.02,51,Premium,Delhi,852.85,S012,u1292@example.com,user_u1292,active,2024-04-10 09:10:22
U1315,2024-08-14,East,Furniture,4099.95,38,Premium,Nagpur,233.62,S002,u1315@example.com,user_u1315,inactive,2024-08-14 09:00:21
U1355,2024-02-26,North,Furniture,1692.79,28,Premium,Lucknow,524.73,S016,u1355@example.com,user_u1355,active,2024-02-26 12:37:57
U1339,2024-09-26,West,Groceries,1455.87,54,Free,Mumbai,1890.9,S003,u1339@example.com,user_u1339,pending,2024-09-26 03:01:18
U1444,2024-11-28,South,Clothing,2567.27,35,Free,Indore,380.97,S017,u1444@example.com,user_u1444,active,2024-11-28 01:15:59
U1271,2024-06-05,North,Furniture,827.18,37,Free,Surat,1992.03,S017,u1271@example.com,user_u1271,pending,2024-06-05 12:56:52
U1015,2024-10-11,North,Clothing,4491.02,20,Basic,Bengaluru,1359.21,S008,u1015@example.com,user_u1015,,2024-10-11 09:58:38
U1168,2024-08-17,East,Clothing,2926.1,27,Premium,Chennai,1798.3,S005,u1168@example.com,user_u1168,inactive,2024-08-17 20:59:36
U1469,2024-03-21,North,Electronics,4745.58,35,Premium,Nagpur,,S011,u1469@example.com,user_u1469,,2024-03-21 09:28:47
U1478,2024-11-22,North,Clothing,578.52,63,Basic,Indore,1138.42,S008,u1478@example.com,user_u1478,active,2024-11-22 11:05:44
U1399,2024-09-01,East,Toys,2370.38,26,Free,Hyderabad,335.93,S008,,user_u1399,active,2024-09-01 08:26:14
U1380,2024-12-09,East,Clothing,4639.16,70,Basic,Hyderabad,1734.88,S008,u1380@example.com,user_u1380,,2024-12-09 23:20:25
U1313,2024-10-19,West,Toys,2311.66,30,Basic,Lucknow,1472.99,S018,u1313@example.com,user_u1313,active,2024-10-19 06:18:28
U1203,2024-06-04,North,Furniture,1507.38,59,Basic,Jaipur,1295.74,S003,u1203@example.com,user_u1203,inactive,2024-06-04 12:26:20
U1230,2024-01-13,East,Furniture,3577.54,44,Premium,Chennai,1300.67,S006,u1230@example.com,user_u1230,active,2024-01-13 22:28:40
U1185,2024-02-13,South,Toys,841.5,17,Premium,Kolkata,1322.47,S005,u1185@example.com,user_u1185,active,2024-02-13 13:19:19
U1373,2024-08-16,North,Clothing,701.28,54,Free,Mumbai,1712.27,S018,u1373@example.com,user_u1373,,2024-08-16 07:13:37
U1337,2024-08-31,South,Furniture,3026.02,,Basic,Chennai,1119.52,S007,,user_u1337,pending,2024-08-31 01:09:54
U1016,2024-12-07,North,Groceries,292.71,26,Premium,Surat,1325.24,S020,u1016@example.com,user_u1016,,2024-12-07 23:37:23
U1476,2024-01-19,West,Groceries,4492.77,63,Free,Lucknow,946.93,S004,u1476@example.com,user_u1476,,2024-01-19 16:13:44
U1107,2024-11-09,West,Electronics,4897.78,20,Free,Nagpur,1868.44,S010,u1107@example.com,user_u1107,pending,2024-11-09 16:36:39
U1181,2024-03-07,South,Toys,2513.82,54,Premium,Nagpur,395.18,S004,,user_u1181,active,2024-03-07 23:54:13
U1409,2024-11-11,South,Furniture,1780.77,28,Premium,Surat,570.44,S003,u1409@example.com,user_u1409,pending,2024-11-11 00:07:43
U1170,2024-06-23,South,Toys,194.13,36,Free,Surat,954.26,S002,u1170@example.com,user_u1170,,2024-06-23 17:57:21
U1236,2024-07-30,West,Toys,3638.57,49,Premium,Pune,670.12,S012,u1236@example.com,user_u1236,active,2024-07-30 10:24:40
U1273,2024-03-25,South,Clothing,4329.74,60,Free,Nagpur,,S014,u1273@example.com,user_u1273,pending,2024-03-25 14:53:19
U1110,2024-09-25,North,Clothing,3935.47,20,Free,Lucknow,,S016,u1110@example.com,user_u1110,pending,2024-09-25 15:46:55
U1268,2024-06-07,North,Clothing,536.35,48,Basic,Jaipur,82.74,S013,u1268@example.com,user_u1268,active,2024-06-07 09:59:02
U1351,2024-10-31,West,Groceries,278.39,57,Basic,Chennai,,S010,u1351@example.com,user_u1351,inactive,2024-10-31 06:18:17
U1272,2024-06-12,South,Electronics,829.61,54,Basic,Lucknow,1089.63,S018,u1272@example.com,user_u1272,pending,2024-06-12 18:15:10
U1036,2024-06-08,North,Toys,693.87,58,Premium,Delhi,181.38,S013,u1036@example.com,user_u1036,,2024-06-08 19:22:19
U1170,2024-04-11,West,Furniture,509.94,59,Free,Delhi,1372.11,S015,u1170@example.com,user_u1170,inactive,2024-04-11 19:16:58
U1186,2024-07-19,East,Groceries,4417.9,16,Premium,Hyderabad,962.52,S006,u1186@example.com,user_u1186,inactive,2024-07-19 16:06:25
U1418,2024-12-31,West,Groceries,401.07,44,Free,Indore,1245.54,S018,u1418@example.com,user_u1418,active,2024-12-31 10:13:52
U1355,2024-10-29,South,Furniture,1743.89,26,Basic,Surat,1862.42,S019,u1355@example.com,user_u1355,,2024-10-29 10:35:06
U1420,2024-08-15,East,Groceries,394.56,67,Basic,Bengaluru,1293.53,S002,u1420@example.com,user_u1420,active,2024-08-15 04:42:09
U1231,2024-09-29,North,Furniture,2263.44,35,Free,Indore,1362.32,S014,u1231@example.com,user_u1231,active,2024-09-29 18:00:39
U1261,2024-07-25,East,Groceries,4510.32,15,Basic,Lucknow,724.9,S010,u1261@example.com,user_u1261,,2024-07-25 20:20:45
U1195,2024-07-26,South,Furniture,3329.31,27,Basic,Bengaluru,726.97,S014,u1195@example.com,user_u1195,inactive,2024-07-26 04:00:04
U1331,2024-01-09,East,Furniture,4876.13,23,Basic,Bengaluru,1788.23,S020,u1331@example.com,user_u1331,,2024-01-09 16:27:35
U1419,2024-08-18,South,Groceries,2152.62,,Free,Nagpur,1008.44,S014,u1419@example.com,user_u1419,active,2024-08-18 01:36:30
U1360,2024-07-07,West,Toys,3467.96,61,Basic,Chennai,165.69,S020,u1360@example.com,user_u1360,active,2024-07-07 21:40:34
U1408,2024-10-23,North,Toys,1750.55,45,Free,Lucknow,1152.19,S011,u1408@example.com,user_u1408,pending,2024-10-23 09:10:02
U1355,2024-11-01,North,Toys,3165.04,51,Premium,Surat,1619.7,S020,,user_u1355,inactive,2024-11-01 16:04:54
U1401,2024-05-22,North,Clothing,1412.32,62,Premium,Indore,1187.62,S005,u1401@example.com,user_u1401,inactive,2024-05-22 08:50:44
U1120,2024-09-05,East,Toys,1747.1,24,Basic,Jaipur,1507.99,S014,u1120@example.com,user_u1120,,2024-09-05 23:40:10
U1107,2024-10-22,North,Electronics,3789.65,25,Free,Bengaluru,957.77,S018,u1107@example.com,user_u1107,,2024-10-22 15:16:09
U1271,2024-08-10,West,Groceries,2271.66,48,Basic,Mumbai,1067.27,S012,u1271@example.com,user_u1271,pending,2024-08-10 10:17:17
U1410,2024-02-20,North,Toys,3877.1,61,Basic,Indore,1044.71,S006,u1410@example.com,,active,2024-02-20 02:00:26
U1050,2024-09-25,West,Furniture,3639.99,17,Premium,Indore,1877.63,S007,u1050@example.com,user_u1050,active,2024-09-25 02:54:38
U1066,2024-07-11,East,Electronics,1304.01,19,Basic,Hyderabad,560.0,S014,u1066@example.com,user_u1066,pending,2024-07-11 08:10:49
U1037,2024-05-21,West,Furniture,4979.99,67,Free,Jaipur,988.53,S007,u1037@example.com,user_u1037,,2024-05-21 03:09:34
U1393,2024-08-08,East,Toys,4567.42,21,Premium,Delhi,1457.81,S015,,user_u1393,active,2024-08-08 01:42:24
U1136,2024-03-18,North,Furniture,2601.15,46,Free,Bengaluru,1458.26,S003,u1136@example.com,,,2024-03-18 03:36:34
U1478,2024-07-02,North,Groceries,3179.75,20,Free,Lucknow,686.72,S015,u1478@example.com,user_u1478,inactive,2024-07-02 05:35:02
U1495,2024-07-15,East,Groceries,4487.48,37,Free,Delhi,881.59,S007,u1495@example.com,user_u1495,inactive,2024-07-15 15:24:04
U1405,2024-10-03,North,Furniture,4179.54,16,Premium,Kolkata,1577.68,S002,u1405@example.com,user_u1405,,2024-10-03 21:55:55
U1274,2024-03-17,East,Electronics,750.87,45,Basic,Mumbai,1301.08,S001,u1274@example.com,user_u1274,pending,2024-03-17 03:29:39
U1087,2024-10-29,West,Electronics,2995.14,19,Premium,Bengaluru,1673.43,S013,u1087@example.com,user_u1087,inactive,2024-10-29 10:53:50
U1109,2024-01-24,East,Groceries,1405.77,25,Basic,Kolkata,882.94,S019,,user_u1109,,2024-01-24 05:01:56
U1249,2024-02-11,West,Electronics,491.25,33,Free,Nagpur,1547.4,S005,u1249@example.com,user_u1249,,2024-02-11 13:15:11
U1312,2024-12-20,West,Toys,2524.44,55,Free,Kolkata,1119.84,S007,u1312@example.com,user_u1312,active,2024-12-20 19:23:55
U1389,2024-10-03,East,Furniture,3313.67,27,Premium,Jaipur,1937.46,S016,u1389@example.com,user_u1389,active,2024-10-03 01:41:23
U1145,2024-04-17,South,Groceries,4035.51,17,Premium,Nagpur,1079.35,S006,u1145@example.com,user_u1145,active,2024-04-17 02:57:15
U1369,2024-08-15,North,Furniture,3400.42,64,Premium,Kolkata,481.87,S014,u1369@example.com,user_u1369,inactive,2024-08-15 02:30:37
U1248,2024-01-28,South,Clothing,3066.7,38,Premium,Hyderabad,1267.72,S009,u1248@example.com,user_u1248,active,2024-01-28 08:08:07
U1436,2024-08-26,South,Furniture,1750.7,53,Premium,Surat,1812.1,S019,u1436@example.com,user_u1436,active,2024-08-26 13:54:33
U1250,2024-04-20,South,Furniture,3663.59,30,Premium,Kolkata,452.59,S019,u1250@example.com,user_u1250,active,2024-04-20 13:02:02
U1240,2024-09-15,West,Furniture,2422.38,67,Premium,Hyderabad,175.35,S001,u1240@example.com,user_u1240,inactive,2024-09-15 04:22:18
U1122,2024-11-27,West,Electronics,1558.94,69,Basic,Nagpur,1953.08,S015,u1122@example.com,user_u1122,,2024-11-27 05:50:55
U1189,2024-11-16,South,Electronics,399.96,36,Basic,Mumbai,1508.25,S020,u1189@example.com,user_u1189,active,2024-11-16 19:56:21
U1376,2024-01-29,North,Electronics,1859.67,38,Free,Jaipur,1412.7,S018,u1376@example.com,user_u1376,pending,2024-01-29 07:34:07
U1332,2024-09-01,East,Clothing,4494.77,42,Free,Mumbai,697.0,S016,u1332@example.com,user_u1332,,2024-09-01 22:34:43
U1422,2024-09-29,North,Furniture,4009.52,66,Premium,Pune,921.17,S003,u1422@example.com,user_u1422,active,2024-09-29 03:10:17
U1057,2024-12-22,East,Furniture,1061.07,16,Free,Bengaluru,1087.46,S005,u1057@example.com,user_u1057,active,2024-12-22 09:12:04
U1011,2024-04-28,North,Furniture,3296.01,46,Basic,Surat,1685.4,S015,u1011@example.com,user_u1011,pending,2024-04-28 05:50:16
U1116,2024-09-04,North,Groceries,284.23,44,Premium,Indore,1426.51,S010,u1116@example.com,user_u1116,inactive,2024-09-04 05:15:07
U1021,2024-06-11,East,Furniture,963.26,17,Basic,Kolkata,304.41,S015,u1021@example.com,user_u1021,pending,2024-06-11 03:58:01
U1207,2024-09-12,East,Furniture,822.46,49,Basic,Kolkata,598.16,S010,u1207@example.com,user_u1207,inactive,2024-09-12 18:46:58
U1472,2024-08-14,North,Electronics,4505.86,50,Premium,Chennai,,S020,u1472@example.com,user_u1472,active,2024-08-14 10:03:38
U1328,2024-04-09,East,Groceries,463.77,58,Basic,Delhi,794.9,S016,u1328@example.com,user_u1328,active,2024-04-09 21:23:25
U1075,2024-08-06,North,Furniture,1459.02,43,Basic,Delhi,1776.73,S014,u1075@example.com,user_u1075,,2024-08-06 23:57:26
U1071,2024-10-27,West,Clothing,2399.33,36,Premium,Indore,186.01,S014,u1071@example.com,user_u1071,inactive,2024-10-27 17:29:45
U1290,2024-03-11,East,Clothing,1482.84,67,Free,Indore,1122.97,S015,u1290@example.com,user_u1290,inactive,2024-03-11 08:19:40
U1427,2024-11-21,South,Electronics,4468.8,46,Basic,Surat,247.52,S009,u1427@example.com,user_u1427,pending,2024-11-21 18:30:36
U1223,2024-05-12,South,Electronics,3678.14,,Free,Jaipur,300.81,S015,u1223@example.com,user_u1223,inactive,2024-05-12 01:17:23
U1214,2024-11-21,North,Electronics,2671.58,47,Premium,Surat,198.07,S006,u1214@example.com,user_u1214,pending,2024-11-21 08:43:44
U1352,2024-07-04,West,Toys,4125.41,,Basic,Chennai,974.95,S011,u1352@example.com,user_u1352,inactive,2024-07-04 04:32:14
U1425,2024-04-06,West,Furniture,428.18,16,Free,Kolkata,731.51,S015,u1425@example.com,user_u1425,pending,2024-04-06 05:45:19
U1014,2024-03-01,East,Clothing,754.68,23,Premium,Jaipur,855.36,S004,u1014@example.com,user_u1014,,2024-03-01 01:12:06
U1016,2024-12-03,West,Furniture,1302.41,57,Premium,Delhi,1841.0,S007,u1016@example.com,user_u1016,pending,2024-12-03 00:05:09
U1433,2024-05-22,North,Groceries,2528.14,30,Basic,Indore,1640.98,S001,u1433@example.com,user_u1433,pending,2024-05-22 05:57:48
U1275,2024-01-03,West,Clothing,4263.92,59,Basic,Jaipur,1915.92,S006,u1275@example.com,user_u1275,,2024-01-03 06:32:14
U1208,2024-02-27,North,Electronics,2622.65,38,Basic,Chennai,90.81,S011,u1208@example.com,user_u1208,,2024-02-27 19:47:19
U1351,2024-08-15,East,Toys,4925.56,69,Premium,Hyderabad,741.21,S001,u1351@example.com,user_u1351,active,2024-08-15 12:28:33
U1337,2024-12-12,West,Electronics,2033.09,21,Basic,Jaipur,1950.66,S011,u1337@example.com,user_u1337,,2024-12-12 03:14:53
U1217,2024-09-12,North,Toys,3793.7,40,Free,Hyderabad,1900.78,S016,u1217@example.com,user_u1217,,2024-09-12 03:07:16
U1250,2024-09-11,East,Clothing,,68,Premium,Hyderabad,1944.42,S013,u1250@example.com,user_u1250,pending,2024-09-11 19:39:06
U1389,2024-02-09,South,Furniture,3327.36,31,Basic,Kolkata,1085.65,S001,u1389@example.com,,,2024-02-09 03:24:28
U1161,2024-07-11,South,Furniture,925.5,64,Free,Nagpur,867.06,S010,u1161@example.com,user_u1161,active,2024-07-11 18:43:31
U1337,2024-10-10,South,Furniture,823.74,31,Free,Indore,1237.71,S012,u1337@example.com,user_u1337,active,2024-10-10 00:37:02
U1065,2024-07-06,North,Toys,,36,Free,Delhi,1983.97,S014,u1065@example.com,user_u1065,inactive,2024-07-06 07:41:19
U1303,2024-02-13,West,Groceries,890.41,17,Free,Surat,1140.42,S014,u1303@example.com,user_u1303,active,2024-02-13 10:24:36
U1199,2024-06-14,West,Furniture,3391.8,47,Basic,Kolkata,606.05,S014,u1199@example.com,user_u1199,active,2024-06-14 17:13:18
U1135,2024-01-25,North,Toys,1168.14,20,Basic,Indore,680.31,S003,u1135@example.com,user_u1135,,2024-01-25 06:22:50
U1039,2024-11-29,North,Toys,2192.91,27,Free,Bengaluru,1035.58,S018,u1039@example.com,,inactive,2024-11-29 18:31:13
U1338,2024-08-27,North,Toys,4271.23,51,Basic,Surat,409.29,S015,u1338@example.com,user_u1338,pending,2024-08-27 13:26:20
U1440,2024-02-02,East,Furniture,1470.87,58,Basic,Pune,235.98,S007,,user_u1440,pending,2024-02-02 14:31:35
U1223,2024-08-04,West,Clothing,725.33,66,Free,Surat,1292.14,S002,u1223@example.com,user_u1223,active,2024-08-04 01:55:57
U1042,2024-06-09,North,Electronics,2064.68,57,Premium,Bengaluru,1451.23,S005,u1042@example.com,user_u1042,active,2024-06-09 16:42:53
U1297,2024-09-25,North,Furniture,1228.48,66,Free,Kolkata,1477.1,S008,u1297@example.com,user_u1297,active,2024-09-25 05:13:17
U1225,2024-07-28,North,Toys,2690.68,22,Free,Lucknow,1368.65,S009,u1225@example.com,user_u1225,pending,2024-07-28 15:45:23
U1420,2024-06-06,West,Toys,3710.28,18,Basic,Surat,1109.93,S010,u1420@example.com,user_u1420,active,2024-06-06 17:55:15
U1439,2024-08-14,South,Electronics,1995.23,31,Free,Delhi,1515.77,S010,u1439@example.com,user_u1439,,2024-08-14 20:20:56
U1415,2024-11-25,South,Electronics,446.47,46,Free,Nagpur,1683.92,S014,u1415@example.com,user_u1415,inactive,2024-11-25 22:16:32
U1033,2024-06-29,South,Toys,2761.25,59,Premium,Mumbai,375.64,S015,u1033@example.com,user_u1033,,2024-06-29 06:40:19
U1160,2024-10-21,West,Electronics,2606.01,68,Basic,Jaipur,1374.65,S011,u1160@example.com,user_u1160,inactive,2024-10-21 08:11:43
U1303,2024-06-16,North,Clothing,1869.62,39,Basic,Pune,,S001,u1303@example.com,user_u1303,inactive,2024-06-16 02:29:12
U1134,2024-12-25,East,Electronics,2173.07,20,Free,Jaipur,243.53,S017,u1134@example.com,user_u1134,,2024-12-25 21:31:07
U1114,2024-12-31,East,Clothing,4076.39,62,Free,Bengaluru,1714.11,S020,u1114@example.com,user_u1114,inactive,2024-12-31 13:11:26
U1405,2024-03-15,West,Groceries,1215.65,30,Free,Indore,921.75,S001,u1405@example.com,user_u1405,,2024-03-15 21:13:45
U1196,2024-12-28,South,Toys,521.63,36,Premium,Hyderabad,1993.51,S020,u1196@example.com,user_u1196,active,2024-12-28 08:32:39
U1195,2024-06-03,South,Groceries,4466.52,26,Free,Jaipur,1861.35,S015,u1195@example.com,user_u1195,,2024-06-03 04:16:07
U1160,2024-01-23,East,Furniture,4182.28,42,Free,Chennai,1525.51,S009,u1160@example.com,user_u1160,inactive,2024-01-23 10:47:31
U1391,2024-03-18,South,Electronics,320.11,45,Free,Jaipur,878.5,S016,,user_u1391,,2024-03-18 14:31:07
U1433,2024-03-16,West,Groceries,4347.46,25,Basic,Lucknow,1130.86,S019,u1433@example.com,user_u1433,active,2024-03-16 16:49:36
U1092,2024-08-01,West,Clothing,3400.7,16,Free,Surat,252.76,S012,u1092@example.com,user_u1092,pending,2024-08-01 04:01:05
U1235,2024-12-28,South,Furniture,1383.13,36,Premium,Surat,911.67,S019,u1235@example.com,user_u1235,pending,2024-12-28 10:51:03
U1380,2024-02-06,South,Electronics,931.15,70,Free,Delhi,,S007,u1380@example.com,user_u1380,pending,2024-02-06 20:48:41
U1078,2024-03-02,North,Furniture,3692.65,58,Basic,Jaipur,201.26,S012,u1078@example.com,user_u1078,,2024-03-02 15:17:36
U1307,2024-08-04,West,Furniture,3088.65,42,Premium,Mumbai,1946.81,S008,u1307@example.com,user_u1307,,2024-08-04 16:40:41
U1268,2024-02-12,North,Furniture,4540.68,24,Premium,Surat,1684.66,S017,u1268@example.com,user_u1268,active,2024-02-12 01:32:06
U1261,2024-08-05,South,Electronics,3615.53,37,Free,Indore,1011.85,S004,u1261@example.com,user_u1261,inactive,2024-08-05 12:02:05
U1213,2024-12-26,North,Groceries,2302.24,54,Free,Kolkata,1743.98,S006,u1213@example.com,user_u1213,pending,2024-12-26 21:06:27
U1273,2024-01-10,West,Furniture,900.09,59,Free,Surat,1207.76,S016,u1273@example.com,user_u1273,pending,2024-01-10 22:43:44
U1345,2024-07-21,North,Electronics,118.69,16,Basic,Pune,426.37,S005,u1345@example.com,user_u1345,inactive,2024-07-21 02:19:49
U1237,2024-03-16,South,Furniture,,24,Basic,Nagpur,975.24,S001,u1237@example.com,user_u1237,inactive,2024-03-16 09:36:53
U1426,2024-07-19,West,Groceries,,60,Free,Bengaluru,1476.79,S020,u1426@example.com,user_u1426,active,2024-07-19 15:25:31
U1262,2024-10-29,South,Clothing,2665.13,35,Basic,Delhi,1300.12,S016,u1262@example.com,user_u1262,pending,2024-10-29 14:44:27
U1010,2024-03-23,North,Clothing,2218.65,52,Basic,Kolkata,1708.37,S015,u1010@example.com,user_u1010,,2024-03-23 13:53:43
U1334,2024-07-03,South,Clothing,1448.16,57,Free,Jaipur,321.07,S016,u1334@example.com,user_u1334,,2024-07-03 09:15:13
U1285,2024-01-25,West,Groceries,1817.37,67,Basic,Mumbai,682.09,S004,u1285@example.com,user_u1285,inactive,2024-01-25 15:16:21
U1401,2024-06-30,West,Toys,798.33,47,Basic,Surat,110.34,S015,u1401@example.com,user_u1401,active,2024-06-30 03:50:39
U1312,2024-02-22,West,Toys,3168.13,38,Premium,Nagpur,888.62,S017,u1312@example.com,user_u1312,inactive,2024-02-22 20:23:21
U1419,2024-03-11,West,Clothing,2107.96,30,Free,Kolkata,350.81,S009,u1419@example.com,user_u1419,pending,2024-03-11 20:42:15
U1077,2024-09-28,South,Clothing,2172.67,44,Basic,Surat,69.23,S005,u1077@example.com,user_u1077,active,2024-09-28 02:21:20
U1205,2024-03-25,South,Electronics,233.61,24,Basic,Mumbai,1960.29,S017,u1205@example.com,user_u1205,pending,2024-03-25 23:47:20
U1465,2024-06-25,West,Groceries,3071.49,40,Free,Surat,1093.41,S020,u1465@example.com,user_u1465,,2024-06-25 06:56:19
U1043,2024-01-19,North,Furniture,3713.26,49,Free,Pune,1108.05,S017,u1043@example.com,user_u1043,active,2024-01-19 00:56:50
U1276,2024-10-30,North,Clothing,1554.51,47,Premium,Nagpur,752.23,S017,u1276@example.com,user_u1276,active,2024-10-30 14:19:36
U1377,2024-01-03,South,Groceries,4036.67,51,Basic,Surat,1690.55,S008,u1377@example.com,user_u1377,inactive,2024-01-03 22:24:33
U1377,2024-05-06,West,Groceries,1003.15,44,Premium,Jaipur,1658.59,S003,u1377@example.com,user_u1377,inactive,2024-05-06 15:13:28
U1039,2024-07-08,South,Toys,3905.18,52,Free,Surat,885.76,S016,u1039@example.com,user_u1039,inactive,2024-07-08 04:32:08
U1248,2024-12-30,South,Clothing,2590.27,59,Premium,Hyderabad,1495.53,S018,u1248@example.com,user_u1248,,2024-12-30 03:07:23
U1292,2024-05-28,West,Toys,1888.76,34,Free,Hyderabad,,S005,u1292@example.com,user_u1292,active,2024-05-28 09:56:18
U1110,2024-04-03,South,Electronics,1775.81,41,Free,Indore,910.23,S011,u1110@example.com,user_u1110,inactive,2024-04-03 04:32:40
U1235,2024-08-18,South,Clothing,1659.82,57,Basic,Bengaluru,1801.49,S011,u1235@example.com,user_u1235,,2024-08-18 23:17:41
U1045,2024-03-25,West,Toys,3869.4,56,Premium,Surat,392.93,S020,u1045@example.com,user_u1045,inactive,2024-03-25 15:32:57
U1009,2024-03-02,East,Electronics,1068.73,68,Basic,Hyderabad,1071.75,S011,u1009@example.com,user_u1009,active,2024-03-02 10:27:11
U1212,2024-01-13,North,Furniture,617.49,25,Free,Jaipur,1538.93,S005,u1212@example.com,user_u1212,inactive,2024-01-13 01:39:20
U1092,2024-01-14,West,Groceries,1634.21,35,Free,Bengaluru,1800.01,S002,u1092@example.com,user_u1092,inactive,2024-01-14 15:32:48
U1258,2024-07-16,West,Groceries,2350.88,45,Premium,Bengaluru,1828.33,S001,u1258@example.com,user_u1258,active,2024-07-16 07:48:35
U1333,2024-03-05,North,Toys,465.35,28,Premium,Kolkata,344.69,S008,u1333@example.com,user_u1333,,2024-03-05 01:00:52
U1237,2024-11-13,North,Clothing,,45,Free,Indore,1363.2,S012,u1237@example.com,user_u1237,pending,2024-11-13 01:10:47
U1273,2024-10-15,West,Groceries,3507.23,61,Basic,Chennai,429.59,S017,u1273@example.com,user_u1273,pending,2024-10-15 20:16:48
U1362,2024-08-19,North,Clothing,1642.11,53,Free,Mumbai,276.11,S001,u1362@example.com,,active,2024-08-19 21:11:26
U1284,2024-12-22,South,Furniture,3947.16,19,Basic,Mumbai,1633.95,S015,u1284@example.com,user_u1284,,2024-12-22 19:22:24
U1090,2024-12-22,West,Electronics,4684.43,29,Basic,Mumbai,1364.3,S012,u1090@example.com,user_u1090,pending,2024-12-22 22:14:14
U1252,2024-07-04,West,Groceries,3535.04,15,Premium,Surat,1741.13,S019,u1252@example.com,user_u1252,inactive,2024-07-04 21:47:36
U1344,2024-12-15,East,Electronics,3742.57,51,Premium,Lucknow,555.91,S001,u1344@example.com,user_u1344,pending,2024-12-15 21:35:56
U1232,2024-01-02,South,Electronics,1648.85,41,Free,Delhi,938.51,S012,u1232@example.com,user_u1232,inactive,2024-01-02 01:17:58
U1215,2024-09-29,South,Groceries,,20,Basic,Mumbai,459.0,S014,u1215@example.com,user_u1215,inactive,2024-09-29 05:21:19
U1032,2024-11-16,West,Electronics,4049.89,55,Free,Chennai,952.42,S011,u1032@example.com,user_u1032,inactive,2024-11-16 02:49:38
U1317,2024-08-12,West,Furniture,473.4,17,Free,Kolkata,1389.79,S005,u1317@example.com,user_u1317,active,2024-08-12 09:39:40
U1221,2024-02-03,West,Electronics,1509.84,21,Basic,Bengaluru,1203.16,S020,,user_u1221,,2024-02-03 19:39:06
U1173,2024-11-29,West,Furniture,2959.68,15,Basic,Nagpur,1580.94,S007,u1173@example.com,user_u1173,pending,2024-11-29 11:26:30
U1371,2024-11-13,South,Clothing,3995.28,34,Basic,Bengaluru,1306.89,S012,u1371@example.com,user_u1371,inactive,2024-11-13 04:30:19
U1308,2024-06-24,North,Groceries,2612.52,24,Premium,Pune,1672.0,S002,u1308@example.com,user_u1308,inactive,2024-06-24 20:58:12
U1402,2024-02-05,North,Clothing,3489.17,53,Basic,Kolkata,1136.53,S011,u1402@example.com,user_u1402,inactive,2024-02-05 03:29:56
U1404,2024-01-22,South,Clothing,3211.9,44,Basic,Pune,1471.83,S011,u1404@example.com,user_u1404,,2024-01-22 05:52:00
U1185,2024-01-06,West,Groceries,620.19,27,Basic,Indore,726.22,S001,u1185@example.com,user_u1185,inactive,2024-01-06 08:46:11
U1173,2024-10-10,East,Clothing,921.58,21,Premium,Surat,1313.19,S004,u1173@example.com,user_u1173,,2024-10-10 07:23:51
U1190,2024-12-04,East,Toys,4988.59,60,Premium,Delhi,1849.07,S007,u1190@example.com,user_u1190,pending,2024-12-04 10:38:27
U1325,2024-05-05,West,Toys,4279.46,24,Free,Pune,1593.27,S005,u1325@example.com,user_u1325,,2024-05-05 06:46:05
U1401,2024-08-28,West,Clothing,3768.97,47,Free,Hyderabad,366.21,S012,u1401@example.com,user_u1401,,2024-08-28 15:17:37
U1205,2024-11-22,West,Clothing,1054.85,40,Premium,Chennai,760.4,S006,u1205@example.com,user_u1205,active,2024-11-22 04:48:05
U1151,2024-08-15,North,Clothing,2353.0,42,Free,Hyderabad,741.35,S016,u1151@example.com,user_u1151,inactive,2024-08-15 14:14:16
U1330,2024-02-08,North,Electronics,2533.74,20,Free,Pune,151.98,S002,u1330@example.com,user_u1330,pending,2024-02-08 08:19:47
U1417,2024-12-15,North,Clothing,4990.08,63,Basic,Nagpur,529.66,S010,u1417@example.com,user_u1417,,2024-12-15 12:52:37
U1387,2024-12-01,West,Furniture,4946.91,70,Free,Pune,1500.78,S016,u1387@example.com,user_u1387,,2024-12-01 23:52:29
U1174,2024-02-13,North,Clothing,4712.55,43,Free,Lucknow,,S005,u1174@example.com,user_u1174,active,2024-02-13 15:51:42
U1427,2024-06-30,North,Clothing,3444.53,64,Basic,Lucknow,1178.04,S019,u1427@example.com,user_u1427,inactive,2024-06-30 10:36:40
U1409,2024-11-04,South,Furniture,1983.65,27,Free,Delhi,1924.26,S010,u1409@example.com,user_u1409,inactive,2024-11-04 01:52:44
U1308,2024-09-07,West,Clothing,4561.16,28,Premium,Chennai,149.26,S002,u1308@example.com,,pending,2024-09-07 13:25:10
U1056,2024-03-07,South,Furniture,1975.51,28,Premium,Pune,1637.61,S016,u1056@example.com,user_u1056,pending,2024-03-07 18:12:32
U1366,2024-12-16,South,Groceries,4955.87,67,Free,Indore,1056.45,S019,u1366@example.com,user_u1366,active,2024-12-16 23:05:18
U1330,2024-08-21,North,Groceries,4125.98,41,Premium,Jaipur,1469.16,S015,u1330@example.com,user_u1330,active,2024-08-21 12:44:02
U1112,2024-03-09,South,Clothing,4944.75,59,Basic,Hyderabad,1605.97,S007,u1112@example.com,user_u1112,active,2024-03-09 16:28:33
U1377,2024-01-03,South,Groceries,4036.67,51,Basic,Surat,1690.55,S008,u1377@example.com,user_u1377,inactive,2024-01-03 22:24:33
U1401,2024-06-30,West,Toys,798.33,47,Basic,Surat,110.34,S015,u1401@example.com,user_u1401,active,2024-06-30 03:50:39
U1236,2024-08-19,West,Electronics,1471.03,69,Premium,Indore,775.12,S019,u1236@example.com,user_u1236,active,2024-08-19 14:58:51
U1354,2024-10-17,South,Groceries,418.02,49,Basic,Surat,,S011,,user_u1354,inactive,2024-10-17 22:52:25
U1043,2024-01-19,North,Furniture,3713.26,49,Free,Pune,1108.05,S017,u1043@example.com,user_u1043,active,2024-01-19 00:56:50
U1016,2024-12-07,North,Groceries,292.71,26,Premium,Surat,1325.24,S020,u1016@example.com,user_u1016,,2024-12-07 23:37:23
U1434,2024-11-18,North,Furniture,2832.59,40,Premium,Nagpur,438.78,S009,u1434@example.com,user_u1434,,2024-11-18 23:21:16
U1434,2024-07-28,South,Clothing,1248.0,60,Free,Bengaluru,1981.49,S016,u1434@example.com,user_u1434,,2024-07-28 17:02:50
U1195,2024-07-26,South,Furniture,3329.31,27,Basic,Bengaluru,726.97,S014,u1195@example.com,user_u1195,inactive,2024-07-26 04:00:04
U1284,2024-12-22,South,Furniture,3947.16,19,Basic,Mumbai,1633.95,S015,u1284@example.com,user_u1284,,2024-12-22 19:22:24
U1490,2024-11-29,West,Electronics,1036.84,,Premium,Pune,1342.22,S019,u1490@example.com,user_u1490,pending,2024-11-29 11:10:38
U1151,2024-05-15,South,Electronics,914.77,,Free,Kolkata,632.29,S004,u1151@example.com,user_u1151,active,2024-05-15 00:54:08
U1043,2024-01-19,North,Furniture,3713.26,49,Free,Pune,1108.05,S017,u1043@example.com,user_u1043,active,2024-01-19 00:56:50
U1134,2024-12-25,East,Electronics,2173.07,20,Free,Jaipur,243.53,S017,u1134@example.com,user_u1134,,2024-12-25 21:31:07
